,index,Count,STE,additive,combined_effect,focal,good_to_use,i1_f_abxr_distance,i1_f_mtb_distance,i1_f_phg_distance,i1_max_od,i1_time_to_thresh,i2_f_abxr_distance,i2_f_mtb_distance,i2_f_phg_distance,i2_max_od,i2_time_to_thresh,iso1t_abxr_distance,iso1t_mtb_distance,iso1t_phg_distance,iso2t_abxr_distance,iso2t_mtb_distance,iso2t_phg_distance,isos_abxr_distance,isos_mtb_distance,isos_phg_distance,mean,mono_s1_effect,mono_s1_qual_e,mono_s2_effect,mono_s2_qual_e,sample1,sample2,strongest,comm_size,qual_monos,qual_effect,modified_strongest
0,0,134,0.0653783773129133,-6.780060165611728,-3.390030082805864,EC,y,1.7488541963239816,1.7675862072329032,0.044,0.698,0.057971014492753624,1.7488541963239816,1.7675862072329032,0.044,0.698,0.057971014492753624,,,,,,,0.0,0.0,0.0,-3.390030082805864,-3.390030082805864,-,-3.390030082805864,-,B_izardii2,B_izardii2,-3.390030082805864,single,"-,-",Negative,-3.390030082805864
1,5,160,0.1252364338824025,-7.803291544510522,-3.901645772255261,EC,y,2.026922050795245,1.340217146584836,0.044,0.5225,0.08888888888888889,2.026922050795245,1.340217146584836,0.044,0.5225,0.08888888888888889,,,,,,,0.0,0.0,0.0,-3.901645772255261,-3.901645772255261,-,-3.901645772255261,-,C_freundii2,C_freundii2,-3.901645772255261,single,"-,-",Negative,-3.901645772255261
2,9,87,0.0641778268454951,-6.205751614920341,-3.1028758074601703,EC,y,1.3904905609172613,1.5835457050555883,0.044,0.812,0.07272727272727272,1.3904905609172613,1.5835457050555883,0.044,0.812,0.07272727272727272,,,,,,,0.0,0.0,0.0,-3.1028758074601703,-3.1028758074601703,-,-3.1028758074601703,-,E_americana2,E_americana2,-3.1028758074601703,single,"-,-",Negative,-3.1028758074601703
3,14,203,0.0428034139536542,0.0746538334332401,0.03732691671662,EC,y,0.4601478023418127,1.8053852774408012,0.204,0.794,0.02962962962962963,0.4601478023418127,1.8053852774408012,0.204,0.794,0.02962962962962963,,,,,,,0.0,0.0,0.0,0.03732691671662,0.03732691671662,+,0.03732691671662,+,B_subtilis,B_subtilis,0.03732691671662,single,"+,+",Neutral,0.03732691671662
4,20,184,0.0331217543378685,0.8724749916454176,0.4362374958227088,EC,y,,2.42466801851305,0.204,0.5885,0.027210884353741496,,2.42466801851305,0.204,0.5885,0.027210884353741496,,,,,,,,0.0,0.0,0.4362374958227088,0.4362374958227088,+,0.4362374958227088,+,B_proteolyticus1,B_proteolyticus1,0.4362374958227088,single,"+,+",Positive,0.4362374958227088
5,27,206,0.042173875984294,0.6284764577658492,0.3142382288829246,EC,y,,2.1426082236377235,0.204,0.311,0.02531645569620253,,2.1426082236377235,0.204,0.311,0.02531645569620253,,,,,,,,0.0,0.0,0.3142382288829246,0.3142382288829246,+,0.3142382288829246,+,B_proteolyticus2,B_proteolyticus2,0.3142382288829246,single,"+,+",Positive,0.3142382288829246
6,35,215,0.0209304971157551,-4.442359621463647,-2.2211798107318232,EC,y,1.3069234866663006,1.9576792382819,0.204,0.0625,,1.3069234866663006,1.9576792382819,0.204,0.0625,,,,,,,,0.0,0.0,0.0,-2.2211798107318232,-2.2211798107318232,-,-2.2211798107318232,-,B_thuringiensis,B_thuringiensis,-2.2211798107318232,single,"-,-",Negative,-2.2211798107318232
7,44,142,0.0267052723998206,0.7991854543793395,0.3995927271896697,EC,y,2.100608007220767,1.5021321513102632,0.204,0.829,0.03125,2.100608007220767,1.5021321513102632,0.204,0.829,0.03125,,,,,,,0.0,0.0,0.0,0.3995927271896697,0.3995927271896697,+,0.3995927271896697,+,B_cereus1,B_cereus1,0.3995927271896697,single,"+,+",Positive,0.3995927271896697
8,54,125,0.020134335306436,-4.582212584079062,-2.291106292039531,EC,y,1.2989661273489774,1.9319772255386447,0.044,1.3085,0.09090909090909091,1.2989661273489774,1.9319772255386447,0.044,1.3085,0.09090909090909091,,,,,,,0.0,0.0,0.0,-2.291106292039531,-2.291106292039531,-,-2.291106292039531,-,E_cloacae,E_cloacae,-2.291106292039531,single,"-,-",Negative,-2.291106292039531
9,65,186,0.0236656920337847,-4.6322878500871605,-2.31614392504358,EC,y,1.867273681065526,2.048536794885559,0.044,1.2555,0.08695652173913043,1.867273681065526,2.048536794885559,0.044,1.2555,0.08695652173913043,,,,,,,0.0,0.0,0.0,-2.31614392504358,-2.31614392504358,-,-2.31614392504358,-,E_cloacae1,E_cloacae1,-2.31614392504358,single,"-,-",Negative,-2.31614392504358
10,77,116,0.0473724364469738,-4.923314278877152,-2.461657139438576,EC,y,1.3205964561515375,1.898141459428143,0.044,1.318,0.08695652173913043,1.3205964561515375,1.898141459428143,0.044,1.318,0.08695652173913043,,,,,,,0.0,0.0,0.0,-2.461657139438576,-2.461657139438576,-,-2.461657139438576,-,E_cloacae2,E_cloacae2,-2.461657139438576,single,"-,-",Negative,-2.461657139438576
11,90,181,0.1416903559668747,-4.1768354918520165,-2.0884177459260083,EC,y,1.7191343752016597,1.7064805888143,0.204,0.405,0.0273972602739726,1.7191343752016597,1.7064805888143,0.204,0.405,0.0273972602739726,,,,,,,0.0,0.0,0.0,-2.0884177459260083,-2.0884177459260083,-,-2.0884177459260083,-,B_cereus2,B_cereus2,-2.0884177459260083,single,"-,-",Negative,-2.0884177459260083
12,104,65,0.1287343802715352,-2.8915283324495853,-1.4457641662247926,EC,y,,,,0.627,,,,,0.627,,,,,,,,,,,-1.4457641662247926,-1.4457641662247926,-,-1.4457641662247926,-,Ecoli,Ecoli,-1.4457641662247926,single,"-,-",Negative,-1.4457641662247926
13,119,45,0.1103017015901119,-7.001385688248118,-3.500692844124059,EC,y,2.0597344489035474,1.8930937641860213,0.122,1.4849999999999999,0.06557377049180328,2.0597344489035474,1.8930937641860213,0.122,1.4849999999999999,0.06557377049180328,,,,,,,0.0,0.0,0.0,-3.500692844124059,-3.500692844124059,-,-3.500692844124059,-,P_putida1,P_putida1,-3.500692844124059,single,"-,-",Negative,-3.500692844124059
14,135,92,0.049340416742606,0.7320864309056726,0.3660432154528363,EC,y,,2.510102587544979,0.265,0.26,0.021164021164021163,,2.510102587544979,0.265,0.26,0.021164021164021163,,,,,,,,0.0,0.0,0.3660432154528363,0.3660432154528363,+,0.3660432154528363,+,C_lactis1,C_lactis1,0.3660432154528363,single,"+,+",Positive,0.3660432154528363
15,152,80,0.0799348929476564,-0.6260107323172264,-0.3130053661586132,EC,y,,2.0525786221238884,0.265,0.011,,,2.0525786221238884,0.265,0.011,,,,,,,,,0.0,0.0,-0.3130053661586132,-0.3130053661586132,-,-0.3130053661586132,-,C_lactis2,C_lactis2,-0.3130053661586132,single,"-,-",Negative,-0.3130053661586132
16,170,90,0.0476455030154268,-8.51098446788489,-4.255492233942445,EC,y,2.03690230497194,2.403803652547354,0.122,1.3,0.04878048780487805,2.03690230497194,2.403803652547354,0.122,1.3,0.04878048780487805,,,,,,,0.0,0.0,0.0,-4.255492233942445,-4.255492233942445,-,-4.255492233942445,-,P_putida2,P_putida2,-4.255492233942445,single,"-,-",Negative,-4.255492233942445
17,189,106,0.0537107735298218,0.1582061603176561,0.079103080158828,EC,y,,2.0882878154124254,0.265,0.08449999999999999,,,2.0882878154124254,0.265,0.08449999999999999,,,,,,,,,0.0,0.0,0.079103080158828,0.079103080158828,+,0.079103080158828,+,F_banpakuense1,F_banpakuense1,0.079103080158828,single,"+,+",Positive,0.079103080158828
18,209,34,0.0306793626066408,-0.3581388631972314,-0.1790694315986157,EC,y,,2.323564503085722,0.204,0.013000000000000001,,,2.323564503085722,0.204,0.013000000000000001,,,,,,,,,0.0,0.0,-0.1790694315986157,-0.1790694315986157,-,-0.1790694315986157,-,L_macroides,L_macroides,-0.1790694315986157,single,"-,-",Negative,-0.1790694315986157
19,230,129,0.0392642284092906,0.0838898164919713,0.0419449082459856,EC,y,1.5902754478391474,2.217149972374445,0.265,1.1,0.03305785123966942,1.5902754478391474,2.217149972374445,0.265,1.1,0.03305785123966942,,,,,,,0.0,0.0,0.0,0.0419449082459856,0.0419449082459856,+,0.0419449082459856,+,C_lactis3,C_lactis3,0.0419449082459856,single,"+,+",Positive,0.0419449082459856
20,252,118,0.0764498824837454,-5.795148824948898,-2.897574412474449,EC,y,1.5210332014785213,2.072097005451241,0.122,1.206,0.05263157894736842,1.5210332014785213,2.072097005451241,0.122,1.206,0.05263157894736842,,,,,,,0.0,0.0,0.0,-2.897574412474449,-2.897574412474449,-,-2.897574412474449,-,P_corrugata,P_corrugata,-2.897574412474449,single,"-,-",Negative,-2.897574412474449
21,275,52,0.0470213411865444,0.3820942663538459,0.1910471331769229,EC,y,2.6209168243193064,2.4293820201853804,0.204,0.129,0.02702702702702703,2.6209168243193064,2.4293820201853804,0.204,0.129,0.02702702702702703,,,,,,,0.0,0.0,0.0,0.1910471331769229,0.1910471331769229,+,0.1910471331769229,+,B_cereus,B_cereus,0.1910471331769229,single,"+,+",Positive,0.1910471331769229
22,299,68,0.0589010791985404,-0.1894462677898626,-0.0947231338949313,EC,y,1.0408948073652784,1.4998933295404708,0.265,1.3035,0.08163265306122448,1.0408948073652784,1.4998933295404708,0.265,1.3035,0.08163265306122448,,,,,,,0.0,0.0,0.0,-0.0947231338949313,-0.0947231338949313,-,-0.0947231338949313,-,F_banpakuense2,F_banpakuense2,-0.0947231338949313,single,"-,-",Negative,-0.0947231338949313
23,324,201,0.0529261064726749,-7.343822300983188,-3.671911150491594,EC,y,2.05000999997561,1.808351735697456,0.122,1.455,0.06896551724137931,2.05000999997561,1.808351735697456,0.122,1.455,0.06896551724137931,,,,,,,0.0,0.0,0.0,-3.671911150491594,-3.671911150491594,-,-3.671911150491594,-,P_monteilii2,P_monteilii2,-3.671911150491594,single,"-,-",Negative,-3.671911150491594
24,350,77,0.176210936612708,-6.181278514787956,-3.090639257393978,EC,y,1.5099033081624795,1.3927566190831762,0.122,1.1575000000000002,0.05333333333333334,1.5099033081624795,1.3927566190831762,0.122,1.1575000000000002,0.05333333333333334,,,,,,,0.0,0.0,0.0,-3.090639257393978,-3.090639257393978,-,-3.090639257393978,-,P_citronellolis,P_citronellolis,-3.090639257393978,single,"-,-",Negative,-3.090639257393978
25,377,141,0.0300971428319252,0.3105227613828987,0.1552613806914493,EC,y,,2.2980992145684223,0.265,0.1045,0.021164021164021163,,2.2980992145684223,0.265,0.1045,0.021164021164021163,,,,,,,,0.0,0.0,0.1552613806914493,0.1552613806914493,+,0.1552613806914493,+,C_lactis4,C_lactis4,0.1552613806914493,single,"+,+",Positive,0.1552613806914493
26,405,122,0.0266948863918031,0.1604343266282177,0.0802171633141088,EC,y,,2.5495933009011456,0.265,0.5700000000000001,0.025974025974025976,,2.5495933009011456,0.265,0.5700000000000001,0.025974025974025976,,,,,,,,0.0,0.0,0.0802171633141088,0.0802171633141088,+,0.0802171633141088,+,C_lactis5,C_lactis5,0.0802171633141088,single,"+,+",Positive,0.0802171633141088
27,434,41,0.0344301002516611,-4.678363798926389,-2.3391818994631945,EC,y,1.7064407402544044,1.7135066384464344,0.122,0.9444999999999999,0.028169014084507043,1.7064407402544044,1.7135066384464344,0.122,0.9444999999999999,0.028169014084507043,,,,,,,0.0,0.0,0.0,-2.3391818994631945,-2.3391818994631945,-,-2.3391818994631945,-,P_viridiflava,P_viridiflava,-2.3391818994631945,single,"-,-",Negative,-2.3391818994631945
28,494,52,1.375123838277164,-0.2809714282433836,-0.1404857141216918,EC,y,,2.20927386260735,0.17,0.0015,,,2.20927386260735,0.17,0.0015,,,,,,,,,0.0,0.0,-0.1404857141216918,-0.1404857141216918,-,-0.1404857141216918,-,V_guangxiensis,V_guangxiensis,-0.1404857141216918,single,"-,-",Negative,-0.1404857141216918
29,525,145,0.0386875050904426,0.1956231109603683,0.0978115554801841,EC,y,1.5571348689179112,2.1121330450518503,0.265,0.362,0.028169014084507043,1.5571348689179112,2.1121330450518503,0.265,0.362,0.028169014084507043,,,,,,,0.0,0.0,0.0,0.0978115554801841,0.0978115554801841,+,0.0978115554801841,+,C_lactis6,C_lactis6,0.0978115554801841,single,"+,+",Positive,0.0978115554801841
30,558,138,0.0391838946464804,0.1279018640234332,0.0639509320117166,EC,y,1.56524470930267,2.0493311103869964,0.265,0.132,0.027586206896551724,1.56524470930267,2.0493311103869964,0.265,0.132,0.027586206896551724,,,,,,,0.0,0.0,0.0,0.0639509320117166,0.0639509320117166,+,0.0639509320117166,+,F_ginsengiterrae,F_ginsengiterrae,0.0639509320117166,single,"+,+",Positive,0.0639509320117166
31,592,76,0.033612580670233,0.433187065848776,0.216593532924388,EC,y,,2.1435967437930112,0.265,0.092,,,2.1435967437930112,0.265,0.092,,,,,,,,,0.0,0.0,0.216593532924388,0.216593532924388,+,0.216593532924388,+,C_lactis7,C_lactis7,0.216593532924388,single,"+,+",Positive,0.216593532924388
32,627,83,0.0933994449826172,-6.379820548824704,-3.189910274412352,EC,y,2.088547581454634,2.1687300431358443,0.122,1.0910000000000002,0.056338028169014086,2.088547581454634,2.1687300431358443,0.122,1.0910000000000002,0.056338028169014086,,,,,,,0.0,0.0,0.0,-3.189910274412352,-3.189910274412352,-,-3.189910274412352,-,P_putida3,P_putida3,-3.189910274412352,single,"-,-",Negative,-3.189910274412352
33,663,159,0.0671654937385217,-7.049760266406167,-3.5248801332030832,EC,y,1.1137396464165223,1.444807599647787,0.044,0.523,0.09302325581395349,1.1137396464165223,1.444807599647787,0.044,0.523,0.09302325581395349,,,,,,,0.0,0.0,0.0,-3.5248801332030832,-3.5248801332030832,-,-3.5248801332030832,-,E_aerogenes,E_aerogenes,-3.5248801332030832,single,"-,-",Negative,-3.5248801332030832
34,700,190,0.0362873502125218,-6.473589693624624,-3.236794846812312,EC,y,1.4781918008161188,1.8141620655277744,0.044,1.311,0.06896551724137931,1.4781918008161188,1.8141620655277744,0.044,1.311,0.06896551724137931,,,,,,,0.0,0.0,0.0,-3.236794846812312,-3.236794846812312,-,-3.236794846812312,-,L_amnigena,L_amnigena,-3.236794846812312,single,"-,-",Negative,-3.236794846812312
35,738,55,0.0242739061113795,-1.407150800208411,-0.7035754001042055,EC,y,,1.8416174955728457,0.204,0.39349999999999996,0.028169014084507043,,1.8416174955728457,0.204,0.39349999999999996,0.028169014084507043,,,,,,,,0.0,0.0,-0.7035754001042055,-0.7035754001042055,-,-0.7035754001042055,-,M_kyungheense,M_kyungheense,-0.7035754001042055,single,"-,-",Negative,-0.7035754001042055
36,777,147,0.0314443012718517,0.2309483320065551,0.1154741660032775,EC,y,,2.05875107771678,0.265,0.22100000000000003,0.021164021164021163,,2.05875107771678,0.265,0.22100000000000003,0.021164021164021163,,,,,,,,0.0,0.0,0.1154741660032775,0.1154741660032775,+,0.1154741660032775,+,C_lactis8,C_lactis8,0.1154741660032775,single,"+,+",Positive,0.1154741660032775
37,817,31,0.1581939795056508,-3.063262271365155,-1.5316311356825776,EC,y,0.944850252685578,1.5726410906497388,0.204,0.868,0.030303030303030304,0.944850252685578,1.5726410906497388,0.204,0.868,0.030303030303030304,,,,,,,0.0,0.0,0.0,-1.5316311356825776,-1.5316311356825776,-,-1.5316311356825776,-,B_safensis1,B_safensis1,-1.5316311356825776,single,"-,-",Negative,-1.5316311356825776
38,858,96,0.0687121336331966,-6.1854658849466535,-3.0927329424733268,EC,y,2.285693767765052,1.789034376416507,0.122,0.9584999999999999,0.06060606060606061,2.285693767765052,1.789034376416507,0.122,0.9584999999999999,0.06060606060606061,,,,,,,0.0,0.0,0.0,-3.0927329424733268,-3.0927329424733268,-,-3.0927329424733268,-,P_koreensis2,P_koreensis2,-3.0927329424733268,single,"-,-",Negative,-3.0927329424733268
39,943,123,0.0212917383977453,-0.4661426077199153,-0.2330713038599576,EC,y,,2.199465616916982,0.17,0.072,,,2.199465616916982,0.17,0.072,,,,,,,,,0.0,0.0,-0.2330713038599576,-0.2330713038599576,-,-0.2330713038599576,-,C_odontotermitis,C_odontotermitis,-0.2330713038599576,single,"-,-",Negative,-0.2330713038599576
40,987,159,0.0362817929922738,-4.421804637647743,-2.2109023188238712,EC,y,,,,1.5455,0.0449438202247191,,,,1.5455,0.0449438202247191,,,,,,,,,,-2.2109023188238712,-2.2109023188238712,-,-2.2109023188238712,-,P_brassicacearum,P_brassicacearum,-2.2109023188238712,single,"-,-",Negative,-2.2109023188238712
41,1032,33,0.0814878786360204,-5.63943569831271,-2.819717849156355,EC,y,3.535339729078381,2.0386252720890123,0.122,0.9415,0.03361344537815126,3.535339729078381,2.0386252720890123,0.122,0.9415,0.03361344537815126,,,,,,,0.0,0.0,0.0,-2.819717849156355,-2.819717849156355,-,-2.819717849156355,-,P_simiae,P_simiae,-2.819717849156355,single,"-,-",Negative,-2.819717849156355
42,1078,213,0.107521736440677,-7.445294464950642,-3.722647232475321,EC,y,0.7245032781154273,1.4849811446614398,0.044,0.583,0.027586206896551724,0.7245032781154273,1.4849811446614398,0.044,0.583,0.027586206896551724,,,,,,,0.0,0.0,0.0,-3.722647232475321,-3.722647232475321,-,-3.722647232475321,-,P_agglomerans1,P_agglomerans1,-3.722647232475321,single,"-,-",Negative,-3.722647232475321
43,1125,219,0.0710068987147818,-7.716416360992429,-3.8582081804962143,EC,y,0.8306039971009049,1.5811125829617574,0.044,0.43000000000000005,0.038461538461538464,0.8306039971009049,1.5811125829617574,0.044,0.43000000000000005,0.038461538461538464,,,,,,,0.0,0.0,0.0,-3.8582081804962143,-3.8582081804962143,-,-3.8582081804962143,-,P_agglomerans3,P_agglomerans3,-3.8582081804962143,single,"-,-",Negative,-3.8582081804962143
44,1173,165,0.0372627723617,-6.791902066593861,-3.3959510332969307,EC,y,2.115339216296053,2.1808415806747634,0.122,1.161,0.05970149253731343,2.115339216296053,2.1808415806747634,0.122,1.161,0.05970149253731343,,,,,,,0.0,0.0,0.0,-3.3959510332969307,-3.3959510332969307,-,-3.3959510332969307,-,P_helmanticensis,P_helmanticensis,-3.3959510332969307,single,"-,-",Negative,-3.3959510332969307
45,1222,176,0.0490539277668213,-5.286152853612785,-2.6430764268063927,EC,y,1.491235058600756,1.533435358924529,0.122,0.8400000000000001,0.02702702702702703,1.491235058600756,1.533435358924529,0.122,0.8400000000000001,0.02702702702702703,,,,,,,0.0,0.0,0.0,-2.6430764268063927,-2.6430764268063927,-,-2.6430764268063927,-,P_koreensis1,P_koreensis1,-2.6430764268063927,single,"-,-",Negative,-2.6430764268063927
46,1272,191,0.1189934578614839,-7.858094943911058,-3.929047471955529,EC,y,2.157644780773703,2.012832332808672,0.122,1.4205,0.09090909090909091,2.157644780773703,2.012832332808672,0.122,1.4205,0.09090909090909091,,,,,,,0.0,0.0,0.0,-3.929047471955529,-3.929047471955529,-,-3.929047471955529,-,P_plecoglossicida1,P_plecoglossicida1,-3.929047471955529,single,"-,-",Negative,-3.929047471955529
47,1323,108,0.1763132136760994,-8.83349276196545,-4.416746380982725,EC,y,2.0256986449124166,2.48101007656156,0.122,1.117,0.07272727272727272,2.0256986449124166,2.48101007656156,0.122,1.117,0.07272727272727272,,,,,,,0.0,0.0,0.0,-4.416746380982725,-4.416746380982725,-,-4.416746380982725,-,P_rhodesiae2,P_rhodesiae2,-4.416746380982725,single,"-,-",Negative,-4.416746380982725
48,1375,169,0.0314820042327905,-4.545839675002661,-2.2729198375013304,EC,y,1.2777531060420082,1.847605206747372,0.044,1.262,0.06349206349206349,1.2777531060420082,1.847605206747372,0.044,1.262,0.06349206349206349,,,,,,,0.0,0.0,0.0,-2.2729198375013304,-2.2729198375013304,-,-2.2729198375013304,-,R_planticola4,R_planticola4,-2.2729198375013304,single,"-,-",Negative,-2.2729198375013304
49,1428,171,0.0579633481348089,-4.639825398912532,-2.319912699456266,EC,y,1.394661607702743,1.8036986998941928,0.044,1.206,0.06451612903225806,1.394661607702743,1.8036986998941928,0.044,1.206,0.06451612903225806,,,,,,,0.0,0.0,0.0,-2.319912699456266,-2.319912699456266,-,-2.319912699456266,-,R_planticola2,R_planticola2,-2.319912699456266,single,"-,-",Negative,-2.319912699456266
50,1482,207,0.0316673193306451,-4.688307836291775,-2.344153918145888,EC,y,1.852584141139074,1.2960925892851949,0.044,0.5860000000000001,0.06779661016949153,1.852584141139074,1.2960925892851949,0.044,0.5860000000000001,0.06779661016949153,,,,,,,0.0,0.0,0.0,-2.344153918145888,-2.344153918145888,-,-2.344153918145888,-,S_fonticola1,S_fonticola1,-2.344153918145888,single,"-,-",Negative,-2.344153918145888
51,1537,173,0.0418997335690618,-4.547160834144874,-2.273580417072437,EC,y,2.0969754409625305,1.254179413002781,0.044,0.651,0.06666666666666667,2.0969754409625305,1.254179413002781,0.044,0.651,0.06666666666666667,,,,,,,0.0,0.0,0.0,-2.273580417072437,-2.273580417072437,-,-2.273580417072437,-,S_fonticola2,S_fonticola2,-2.273580417072437,single,"-,-",Negative,-2.273580417072437
52,1593,71,0.0615648170611604,1.89756222647232,0.94878111323616,EC,y,,2.020324726374451,0.265,0.095,,,2.020324726374451,0.265,0.095,,,,,,,,,0.0,0.0,0.94878111323616,0.94878111323616,+,0.94878111323616,+,C_lathyri2,C_lathyri2,0.94878111323616,single,"+,+",Positive,0.94878111323616
53,1650,71,0.1015716248733897,-5.449825161950556,-2.724912580975278,EC,y,2.3075168471757688,2.0990493086156885,0.122,1.452,0.04081632653061224,2.3075168471757688,2.0990493086156885,0.122,1.452,0.04081632653061224,,,,,,,0.0,0.0,0.0,-2.724912580975278,-2.724912580975278,-,-2.724912580975278,-,P_mosselii,P_mosselii,-2.724912580975278,single,"-,-",Negative,-2.724912580975278
54,1708,93,0.0516715706888022,-5.029267579759245,-2.5146337898796225,EC,y,2.0954534115555994,1.96202166145025,0.122,1.1360000000000001,0.04,2.0954534115555994,1.96202166145025,0.122,1.1360000000000001,0.04,,,,,,,0.0,0.0,0.0,-2.5146337898796225,-2.5146337898796225,-,-2.5146337898796225,-,P_koreensis3,P_koreensis3,-2.5146337898796225,single,"-,-",Negative,-2.5146337898796225
55,1709,78,0.0744537569246737,-0.7057287085290926,-0.3528643542645463,EA,y,2.118665853786293,1.771709344108113,0.041,0.698,0.057971014492753624,2.118665853786293,1.771709344108113,0.041,0.698,0.057971014492753624,,,,,,,0.0,0.0,0.0,-0.3528643542645463,-0.3528643542645463,-,-0.3528643542645463,-,B_izardii2,B_izardii2,-0.3528643542645463,single,"-,-",Negative,-0.3528643542645463
56,1714,129,0.0698054730982495,-1.033985424585536,-0.516992712292768,EA,y,1.6949463118340946,1.5077151587750253,0.041,0.5225,0.08888888888888889,1.6949463118340946,1.5077151587750253,0.041,0.5225,0.08888888888888889,,,,,,,0.0,0.0,0.0,-0.516992712292768,-0.516992712292768,-,-0.516992712292768,-,C_freundii2,C_freundii2,-0.516992712292768,single,"-,-",Negative,-0.516992712292768
57,1723,117,0.0886353548856422,-0.2199386243687279,-0.1099693121843639,EA,y,1.5995536877516805,2.0393418055833603,0.204,0.794,0.02962962962962963,1.5995536877516805,2.0393418055833603,0.204,0.794,0.02962962962962963,,,,,,,0.0,0.0,0.0,-0.1099693121843639,-0.1099693121843639,-,-0.1099693121843639,-,B_subtilis,B_subtilis,-0.1099693121843639,single,"-,-",Negative,-0.1099693121843639
58,1729,127,0.0677313277902136,0.1361746859118397,0.0680873429559198,EA,y,,2.5959703388136006,0.204,0.5885,0.027210884353741496,,2.5959703388136006,0.204,0.5885,0.027210884353741496,,,,,,,,0.0,0.0,0.0680873429559198,0.0680873429559198,+,0.0680873429559198,+,B_proteolyticus1,B_proteolyticus1,0.0680873429559198,single,"+,+",Positive,0.0680873429559198
59,1736,87,0.0737821686249684,-0.1827362305722177,-0.0913681152861088,EA,y,,2.4065707967978,0.204,0.311,0.02531645569620253,,2.4065707967978,0.204,0.311,0.02531645569620253,,,,,,,,0.0,0.0,-0.0913681152861088,-0.0913681152861088,-,-0.0913681152861088,-,B_proteolyticus2,B_proteolyticus2,-0.0913681152861088,single,"-,-",Negative,-0.0913681152861088
60,1753,83,0.0443867282369988,-0.0063207757387292,-0.0031603878693646,EA,y,1.3594896101110887,1.7775831907396062,0.204,0.829,0.03125,1.3594896101110887,1.7775831907396062,0.204,0.829,0.03125,,,,,,,0.0,0.0,0.0,-0.0031603878693646,-0.0031603878693646,-,-0.0031603878693646,-,B_cereus1,B_cereus1,-0.0031603878693646,single,"-,-",Negative,-0.0031603878693646
61,1763,89,0.0792003797136159,0.6904870620678273,0.3452435310339136,EA,y,1.076634106834815,2.031347582271434,0.041,1.3085,0.09090909090909091,1.076634106834815,2.031347582271434,0.041,1.3085,0.09090909090909091,,,,,,,0.0,0.0,0.0,0.3452435310339136,0.3452435310339136,+,0.3452435310339136,+,E_cloacae,E_cloacae,0.3452435310339136,single,"+,+",Positive,0.3452435310339136
62,1799,101,0.1013613313573727,0.4899030397150229,0.2449515198575114,EA,y,0.97246953679794,1.8836530996975,0.204,0.405,0.0273972602739726,0.97246953679794,1.8836530996975,0.204,0.405,0.0273972602739726,,,,,,,0.0,0.0,0.0,0.2449515198575114,0.2449515198575114,+,0.2449515198575114,+,B_cereus2,B_cereus2,0.2449515198575114,single,"+,+",Positive,0.2449515198575114
63,1811,10,0.0781419291736086,0.9308809562982568,0.4654404781491284,EA,y,,,,0.627,,,,,0.627,,,,,,,,,,,0.4654404781491284,0.4654404781491284,+,0.4654404781491284,+,Ecoli,Ecoli,0.4654404781491284,single,"+,+",Positive,0.4654404781491284
64,1826,71,0.0844099202492675,-0.3432366205921873,-0.1716183102960936,EA,y,1.411051381063071,2.102099188906175,0.122,1.4849999999999999,0.06557377049180328,1.411051381063071,2.102099188906175,0.122,1.4849999999999999,0.06557377049180328,,,,,,,0.0,0.0,0.0,-0.1716183102960936,-0.1716183102960936,-,-0.1716183102960936,-,P_putida1,P_putida1,-0.1716183102960936,single,"-,-",Negative,-0.1716183102960936
65,1842,47,0.0934520890729891,0.0563234713054403,0.0281617356527201,EA,y,,2.531184307789537,0.265,0.26,0.021164021164021163,,2.531184307789537,0.265,0.26,0.021164021164021163,,,,,,,,0.0,0.0,0.0281617356527201,0.0281617356527201,+,0.0281617356527201,+,C_lactis1,C_lactis1,0.0281617356527201,single,"+,+",Neutral,0.0281617356527201
66,1859,44,0.0494526317795284,0.0376156873394285,0.0188078436697142,EA,y,,2.3559363319071256,0.265,0.011,,,2.3559363319071256,0.265,0.011,,,,,,,,,0.0,0.0,0.0188078436697142,0.0188078436697142,+,0.0188078436697142,+,C_lactis2,C_lactis2,0.0188078436697142,single,"+,+",Neutral,0.0188078436697142
67,1875,10,0.1117080419363922,-0.525509576370643,-0.2627547881853215,EA,y,1.4047373419967164,2.423162190196934,0.122,1.3,0.04878048780487805,1.4047373419967164,2.423162190196934,0.122,1.3,0.04878048780487805,,,,,,,0.0,0.0,0.0,-0.2627547881853215,-0.2627547881853215,-,-0.2627547881853215,-,P_putida2,P_putida2,-0.2627547881853215,single,"-,-",Negative,-0.2627547881853215
68,1894,72,0.0945729443695874,0.1164811247149371,0.0582405623574685,EA,y,,2.343381104302072,0.265,0.08449999999999999,,,2.343381104302072,0.265,0.08449999999999999,,,,,,,,,0.0,0.0,0.0582405623574685,0.0582405623574685,+,0.0582405623574685,+,F_banpakuense1,F_banpakuense1,0.0582405623574685,single,"+,+",Neutral,0.0582405623574685
69,1914,45,0.0691341711939088,0.6109211708271841,0.305460585413592,EA,y,,2.441597632698721,0.204,0.013000000000000001,,,2.441597632698721,0.204,0.013000000000000001,,,,,,,,,0.0,0.0,0.305460585413592,0.305460585413592,+,0.305460585413592,+,L_macroides,L_macroides,0.305460585413592,single,"+,+",Positive,0.305460585413592
70,1935,50,0.0801539916026959,0.0807603746013991,0.0403801873006995,EA,y,1.5294201515607149,2.481269231663505,0.265,1.1,0.03305785123966942,1.5294201515607149,2.481269231663505,0.265,1.1,0.03305785123966942,,,,,,,0.0,0.0,0.0,0.0403801873006995,0.0403801873006995,+,0.0403801873006995,+,C_lactis3,C_lactis3,0.0403801873006995,single,"+,+",Neutral,0.0403801873006995
71,1956,58,0.1411120198125362,0.4785585880751176,0.2392792940375588,EA,y,0.9449962962890384,2.068359494865436,0.122,1.206,0.05263157894736842,0.9449962962890384,2.068359494865436,0.122,1.206,0.05263157894736842,,,,,,,0.0,0.0,0.0,0.2392792940375588,0.2392792940375588,+,0.2392792940375588,+,P_corrugata,P_corrugata,0.2392792940375588,single,"+,+",Positive,0.2392792940375588
72,1978,37,0.1156859852963934,0.5761579017760807,0.2880789508880403,EA,y,1.888092423585244,2.510605504654206,0.204,0.129,0.02702702702702703,1.888092423585244,2.510605504654206,0.204,0.129,0.02702702702702703,,,,,,,0.0,0.0,0.0,0.2880789508880403,0.2880789508880403,+,0.2880789508880403,+,B_cereus,B_cereus,0.2880789508880403,single,"+,+",Positive,0.2880789508880403
73,2001,79,0.0667125746006041,-0.1263660228830393,-0.0631830114415196,EA,y,1.622732263806941,1.6736460199217755,0.265,1.3035,0.08163265306122448,1.622732263806941,1.6736460199217755,0.265,1.3035,0.08163265306122448,,,,,,,0.0,0.0,0.0,-0.0631830114415196,-0.0631830114415196,-,-0.0631830114415196,-,F_banpakuense2,F_banpakuense2,-0.0631830114415196,single,"-,-",Negative,-0.0631830114415196
74,2049,25,0.0918262714816194,-0.6961490667819762,-0.3480745333909881,EA,y,1.1637070077987843,2.133003516171504,0.122,1.1575000000000002,0.05333333333333334,1.1637070077987843,2.133003516171504,0.122,1.1575000000000002,0.05333333333333334,,,,,,,0.0,0.0,0.0,-0.3480745333909881,-0.3480745333909881,-,-0.3480745333909881,-,P_citronellolis,P_citronellolis,-0.3480745333909881,single,"-,-",Negative,-0.3480745333909881
75,2076,111,0.1393082400539027,0.2144568388441137,0.1072284194220568,EA,y,,2.664933957905899,0.265,0.1045,0.021164021164021163,,2.664933957905899,0.265,0.1045,0.021164021164021163,,,,,,,,0.0,0.0,0.1072284194220568,0.1072284194220568,+,0.1072284194220568,+,C_lactis4,C_lactis4,0.1072284194220568,single,"+,+",Neutral,0.1072284194220568
76,2103,86,0.0721528605344347,-0.2228428203305856,-0.1114214101652928,EA,y,,2.7012265732440883,0.265,0.5700000000000001,0.025974025974025976,,2.7012265732440883,0.265,0.5700000000000001,0.025974025974025976,,,,,,,,0.0,0.0,-0.1114214101652928,-0.1114214101652928,-,-0.1114214101652928,-,C_lactis5,C_lactis5,-0.1114214101652928,single,"-,-",Negative,-0.1114214101652928
77,2129,21,0.1299866306308053,0.1588542810450412,0.0794271405225206,EA,y,2.0291663312799177,2.0457365421774134,0.122,0.9444999999999999,0.028169014084507043,2.0291663312799177,2.0457365421774134,0.122,0.9444999999999999,0.028169014084507043,,,,,,,0.0,0.0,0.0,0.0794271405225206,0.0794271405225206,+,0.0794271405225206,+,P_viridiflava,P_viridiflava,0.0794271405225206,single,"+,+",Neutral,0.0794271405225206
78,2186,36,0.0620921744259504,-0.2877533371025219,-0.1438766685512609,EA,y,,2.1376912779912813,0.17,0.0015,,,2.1376912779912813,0.17,0.0015,,,,,,,,,0.0,0.0,-0.1438766685512609,-0.1438766685512609,-,-0.1438766685512609,-,V_guangxiensis,V_guangxiensis,-0.1438766685512609,single,"-,-",Negative,-0.1438766685512609
79,2218,70,0.0642829917353689,-0.2120984084077925,-0.1060492042038962,EA,y,1.0262187875886897,2.038450637126149,0.265,0.362,0.028169014084507043,1.0262187875886897,2.038450637126149,0.265,0.362,0.028169014084507043,,,,,,,0.0,0.0,0.0,-0.1060492042038962,-0.1060492042038962,-,-0.1060492042038962,-,C_lactis6,C_lactis6,-0.1060492042038962,single,"-,-",Negative,-0.1060492042038962
80,2251,65,0.0839774511982164,-0.106805384824966,-0.053402692412483,EA,y,1.0283584005588713,1.8857934669523064,0.265,0.132,0.027586206896551724,1.0283584005588713,1.8857934669523064,0.265,0.132,0.027586206896551724,,,,,,,0.0,0.0,0.0,-0.053402692412483,-0.053402692412483,-,-0.053402692412483,-,F_ginsengiterrae,F_ginsengiterrae,-0.053402692412483,single,"-,-",Negative,-0.053402692412483
81,2285,91,0.0658005503553472,-0.0784136239990431,-0.0392068119995215,EA,y,,2.3343483030601924,0.265,0.092,,,2.3343483030601924,0.265,0.092,,,,,,,,,0.0,0.0,-0.0392068119995215,-0.0392068119995215,-,-0.0392068119995215,-,C_lactis7,C_lactis7,-0.0392068119995215,single,"-,-",Negative,-0.0392068119995215
82,2319,61,0.0708506372733465,0.0305090356332665,0.0152545178166332,EA,y,1.4666120823176112,2.3725680179923194,0.122,1.0910000000000002,0.056338028169014086,1.4666120823176112,2.3725680179923194,0.122,1.0910000000000002,0.056338028169014086,,,,,,,0.0,0.0,0.0,0.0152545178166332,0.0152545178166332,+,0.0152545178166332,+,P_putida3,P_putida3,0.0152545178166332,single,"+,+",Neutral,0.0152545178166332
83,2355,153,0.0807792752606927,-0.7079174464929918,-0.3539587232464959,EA,y,1.1799355914625171,1.474596894069698,0.041,0.523,0.09302325581395349,1.1799355914625171,1.474596894069698,0.041,0.523,0.09302325581395349,,,,,,,0.0,0.0,0.0,-0.3539587232464959,-0.3539587232464959,-,-0.3539587232464959,-,E_aerogenes,E_aerogenes,-0.3539587232464959,single,"-,-",Negative,-0.3539587232464959
84,2392,94,0.0967934135684179,-0.6318150845179015,-0.3159075422589507,EA,y,1.1921514165574774,1.98798666997543,0.041,1.311,0.06896551724137931,1.1921514165574774,1.98798666997543,0.041,1.311,0.06896551724137931,,,,,,,0.0,0.0,0.0,-0.3159075422589507,-0.3159075422589507,-,-0.3159075422589507,-,L_amnigena,L_amnigena,-0.3159075422589507,single,"-,-",Negative,-0.3159075422589507
85,2429,29,0.1040326493850132,0.4432128121226934,0.2216064060613467,EA,y,,1.7997260902704055,0.204,0.39349999999999996,0.028169014084507043,,1.7997260902704055,0.204,0.39349999999999996,0.028169014084507043,,,,,,,,0.0,0.0,0.2216064060613467,0.2216064060613467,+,0.2216064060613467,+,M_kyungheense,M_kyungheense,0.2216064060613467,single,"+,+",Positive,0.2216064060613467
86,2468,139,0.0804122447846836,-0.1969211257305639,-0.0984605628652819,EA,y,,2.461317330211608,0.265,0.22100000000000003,0.021164021164021163,,2.461317330211608,0.265,0.22100000000000003,0.021164021164021163,,,,,,,,0.0,0.0,-0.0984605628652819,-0.0984605628652819,-,-0.0984605628652819,-,C_lactis8,C_lactis8,-0.0984605628652819,single,"-,-",Negative,-0.0984605628652819
87,2507,38,0.0949120061884134,-0.1383835513247658,-0.0691917756623829,EA,y,1.5654922548514894,1.596758278513063,0.204,0.868,0.030303030303030304,1.5654922548514894,1.596758278513063,0.204,0.868,0.030303030303030304,,,,,,,0.0,0.0,0.0,-0.0691917756623829,-0.0691917756623829,-,-0.0691917756623829,-,B_safensis1,B_safensis1,-0.0691917756623829,single,"-,-",Negative,-0.0691917756623829
88,2548,84,0.0564578546450317,-0.2567239111264183,-0.1283619555632091,EA,y,1.525117044688702,2.041644680153724,0.122,0.9584999999999999,0.06060606060606061,1.525117044688702,2.041644680153724,0.122,0.9584999999999999,0.06060606060606061,,,,,,,0.0,0.0,0.0,-0.1283619555632091,-0.1283619555632091,-,-0.1283619555632091,-,P_koreensis2,P_koreensis2,-0.1283619555632091,single,"-,-",Negative,-0.1283619555632091
89,2633,85,0.0679513430399682,0.0137172668778241,0.006858633438912,EA,y,,2.273152436595487,0.17,0.072,,,2.273152436595487,0.17,0.072,,,,,,,,,0.0,0.0,0.006858633438912,0.006858633438912,+,0.006858633438912,+,C_odontotermitis,C_odontotermitis,0.006858633438912,single,"+,+",Neutral,0.006858633438912
90,2676,97,0.0862614986351372,0.2543983087739256,0.1271991543869628,EA,y,,,,1.5455,0.0449438202247191,,,,1.5455,0.0449438202247191,,,,,,,,,,0.1271991543869628,0.1271991543869628,+,0.1271991543869628,+,P_brassicacearum,P_brassicacearum,0.1271991543869628,single,"+,+",Positive,0.1271991543869628
91,2721,14,0.2330951378594752,-0.0993827428472227,-0.0496913714236113,EA,y,2.7494201206799955,2.149170537672616,0.122,0.9415,0.03361344537815126,2.7494201206799955,2.149170537672616,0.122,0.9415,0.03361344537815126,,,,,,,0.0,0.0,0.0,-0.0496913714236113,-0.0496913714236113,-,-0.0496913714236113,-,P_simiae,P_simiae,-0.0496913714236113,single,"-,-",Negative,-0.0496913714236113
92,2814,84,0.0737520170219953,0.0173621418995952,0.0086810709497976,EA,y,1.5775351026205406,1.859831175133916,0.041,0.43000000000000005,0.038461538461538464,1.5775351026205406,1.859831175133916,0.041,0.43000000000000005,0.038461538461538464,,,,,,,0.0,0.0,0.0,0.0086810709497976,0.0086810709497976,+,0.0086810709497976,+,P_agglomerans3,P_agglomerans3,0.0086810709497976,single,"+,+",Neutral,0.0086810709497976
93,2911,133,0.0721827553725647,-0.2962361307912018,-0.1481180653956009,EA,y,1.340856442726066,2.2886312503328274,0.122,1.161,0.05970149253731343,1.340856442726066,2.2886312503328274,0.122,1.161,0.05970149253731343,,,,,,,0.0,0.0,0.0,-0.1481180653956009,-0.1481180653956009,-,-0.1481180653956009,-,P_helmanticensis,P_helmanticensis,-0.1481180653956009,single,"-,-",Negative,-0.1481180653956009
94,2961,140,0.0728091869827846,-0.0625238069351319,-0.0312619034675659,EA,y,1.2592275409948752,1.9437348070145783,0.122,0.8400000000000001,0.02702702702702703,1.2592275409948752,1.9437348070145783,0.122,0.8400000000000001,0.02702702702702703,,,,,,,0.0,0.0,0.0,-0.0312619034675659,-0.0312619034675659,-,-0.0312619034675659,-,P_koreensis1,P_koreensis1,-0.0312619034675659,single,"-,-",Negative,-0.0312619034675659
95,3012,88,0.0623359455731845,-0.3534985903755201,-0.17674929518776,EA,y,1.5056888788856746,2.200506987037306,0.122,1.4205,0.09090909090909091,1.5056888788856746,2.200506987037306,0.122,1.4205,0.09090909090909091,,,,,,,0.0,0.0,0.0,-0.17674929518776,-0.17674929518776,-,-0.17674929518776,-,P_plecoglossicida1,P_plecoglossicida1,-0.17674929518776,single,"-,-",Negative,-0.17674929518776
96,3063,94,0.0567378709816063,-0.5496104921124891,-0.2748052460562445,EA,y,1.183417508743216,2.455103663799148,0.122,1.117,0.07272727272727272,1.183417508743216,2.455103663799148,0.122,1.117,0.07272727272727272,,,,,,,0.0,0.0,0.0,-0.2748052460562445,-0.2748052460562445,-,-0.2748052460562445,-,P_rhodesiae2,P_rhodesiae2,-0.2748052460562445,single,"-,-",Negative,-0.2748052460562445
97,3281,99,0.0573884344370264,-0.1679406051521968,-0.0839703025760984,EA,y,1.617311349122364,1.5470510657376504,0.041,0.651,0.06666666666666667,1.617311349122364,1.5470510657376504,0.041,0.651,0.06666666666666667,,,,,,,0.0,0.0,0.0,-0.0839703025760984,-0.0839703025760984,-,-0.0839703025760984,-,S_fonticola2,S_fonticola2,-0.0839703025760984,single,"-,-",Negative,-0.0839703025760984
98,3338,51,0.1061885266458054,0.6768296326553559,0.3384148163276779,EA,y,,2.217998422001242,0.265,0.095,,,2.217998422001242,0.265,0.095,,,,,,,,,0.0,0.0,0.3384148163276779,0.3384148163276779,+,0.3384148163276779,+,C_lathyri2,C_lathyri2,0.3384148163276779,single,"+,+",Positive,0.3384148163276779
99,3454,57,0.103174199171119,0.0729354863742046,0.0364677431871023,EA,y,1.3035969469126567,2.151222908022319,0.122,1.1360000000000001,0.04,1.3035969469126567,2.151222908022319,0.122,1.1360000000000001,0.04,,,,,,,0.0,0.0,0.0,0.0364677431871023,0.0364677431871023,+,0.0364677431871023,+,P_koreensis3,P_koreensis3,0.0364677431871023,single,"+,+",Neutral,0.0364677431871023
100,3455,74,0.0579909935732805,-1.376860000119145,-0.6884300000595726,RP,y,1.902110218095867,0.7750369582117664,0.017,0.698,0.057971014492753624,1.902110218095867,0.7750369582117664,0.017,0.698,0.057971014492753624,,,,,,,0.0,0.0,0.0,-0.6884300000595726,-0.6884300000595726,-,-0.6884300000595726,-,B_izardii2,B_izardii2,-0.6884300000595726,single,"-,-",Negative,-0.6884300000595726
101,3460,93,0.1449312597434753,-2.2755599635728023,-1.1377799817864012,RP,y,2.3050802707692104,1.6393879571658156,0.017,0.5225,0.08888888888888889,2.3050802707692104,1.6393879571658156,0.017,0.5225,0.08888888888888889,,,,,,,0.0,0.0,0.0,-1.1377799817864012,-1.1377799817864012,-,-1.1377799817864012,-,C_freundii2,C_freundii2,-1.1377799817864012,single,"-,-",Negative,-1.1377799817864012
102,3469,121,0.0178925589267327,0.1933659021024711,0.0966829510512355,RP,y,2.202333399628128,1.7306124564203285,0.204,0.794,0.02962962962962963,2.202333399628128,1.7306124564203285,0.204,0.794,0.02962962962962963,,,,,,,0.0,0.0,0.0,0.0966829510512355,0.0966829510512355,+,0.0966829510512355,+,B_subtilis,B_subtilis,0.0966829510512355,single,"+,+",Positive,0.0966829510512355
103,3475,127,0.020821824315903,0.3871730127753325,0.1935865063876662,RP,y,,3.0395571559678656,0.204,0.5885,0.027210884353741496,,3.0395571559678656,0.204,0.5885,0.027210884353741496,,,,,,,,0.0,0.0,0.1935865063876662,0.1935865063876662,+,0.1935865063876662,+,B_proteolyticus1,B_proteolyticus1,0.1935865063876662,single,"+,+",Positive,0.1935865063876662
104,3482,111,0.0298731931849227,0.2416170384606909,0.1208085192303454,RP,y,,2.9009353000417466,0.204,0.311,0.02531645569620253,,2.9009353000417466,0.204,0.311,0.02531645569620253,,,,,,,,0.0,0.0,0.1208085192303454,0.1208085192303454,+,0.1208085192303454,+,B_proteolyticus2,B_proteolyticus2,0.1208085192303454,single,"+,+",Positive,0.1208085192303454
105,3490,88,0.0285453091929896,-0.4605446123316586,-0.2302723061658293,RP,y,1.7139561519787767,1.255319039894763,0.204,0.0625,,1.7139561519787767,1.255319039894763,0.204,0.0625,,,,,,,,0.0,0.0,0.0,-0.2302723061658293,-0.2302723061658293,-,-0.2302723061658293,-,B_thuringiensis,B_thuringiensis,-0.2302723061658293,single,"-,-",Negative,-0.2302723061658293
106,3499,110,0.0388184583096926,0.3849491302325329,0.1924745651162664,RP,y,1.3643837932179317,2.241232817102466,0.204,0.829,0.03125,1.3643837932179317,2.241232817102466,0.204,0.829,0.03125,,,,,,,0.0,0.0,0.0,0.1924745651162664,0.1924745651162664,+,0.1924745651162664,+,B_cereus1,B_cereus1,0.1924745651162664,single,"+,+",Positive,0.1924745651162664
107,3509,119,0.0431291103766814,-1.1455003629708242,-0.5727501814854121,RP,y,1.6879361513524134,1.244200948461486,0.028,1.3085,0.09090909090909091,1.6879361513524134,1.244200948461486,0.028,1.3085,0.09090909090909091,,,,,,,0.0,0.0,0.0,-0.5727501814854121,-0.5727501814854121,-,-0.5727501814854121,-,E_cloacae,E_cloacae,-0.5727501814854121,single,"-,-",Negative,-0.5727501814854121
108,3532,107,0.0795143057181204,-1.402876803168379,-0.7014384015841895,RP,y,1.7457595395156522,1.1537370803564078,0.028,1.318,0.08695652173913043,1.7457595395156522,1.1537370803564078,0.028,1.318,0.08695652173913043,,,,,,,0.0,0.0,0.0,-0.7014384015841895,-0.7014384015841895,-,-0.7014384015841895,-,E_cloacae2,E_cloacae2,-0.7014384015841895,single,"-,-",Negative,-0.7014384015841895
109,3545,84,0.2568991068105137,-0.4885535647220153,-0.2442767823610076,RP,y,1.9384696518738584,1.2890464023025014,0.204,0.405,0.0273972602739726,1.9384696518738584,1.2890464023025014,0.204,0.405,0.0273972602739726,,,,,,,0.0,0.0,0.0,-0.2442767823610076,-0.2442767823610076,-,-0.2442767823610076,-,B_cereus2,B_cereus2,-0.2442767823610076,single,"-,-",Negative,-0.2442767823610076
110,3559,47,0.0272771208656778,0.0635402747865199,0.0317701373932599,RP,y,,,,0.627,,,,,0.627,,,,,,,,,,,0.0317701373932599,0.0317701373932599,+,0.0317701373932599,+,Ecoli,Ecoli,0.0317701373932599,single,"+,+",Positive,0.0317701373932599
111,3574,79,0.0282738792297805,-4.527396182220136,-2.263698091110068,RP,y,1.4156927733089626,2.174290681301666,0.122,1.4849999999999999,0.06557377049180328,1.4156927733089626,2.174290681301666,0.122,1.4849999999999999,0.06557377049180328,,,,,,,0.0,0.0,0.0,-2.263698091110068,-2.263698091110068,-,-2.263698091110068,-,P_putida1,P_putida1,-2.263698091110068,single,"-,-",Negative,-2.263698091110068
112,3590,62,0.0185926905629677,0.5422422307600285,0.2711211153800142,RP,y,,3.0532769795643637,0.265,0.26,0.021164021164021163,,3.0532769795643637,0.265,0.26,0.021164021164021163,,,,,,,,0.0,0.0,0.2711211153800142,0.2711211153800142,+,0.2711211153800142,+,C_lactis1,C_lactis1,0.2711211153800142,single,"+,+",Positive,0.2711211153800142
113,3607,68,0.0313567661078068,0.3171139463955396,0.1585569731977698,RP,y,,2.61453707930307,0.265,0.011,,,2.61453707930307,0.265,0.011,,,,,,,,,0.0,0.0,0.1585569731977698,0.1585569731977698,+,0.1585569731977698,+,C_lactis2,C_lactis2,0.1585569731977698,single,"+,+",Positive,0.1585569731977698
114,3625,73,0.0627464735080018,-4.87685663853916,-2.43842831926958,RP,y,1.5193267673761943,2.59266489352674,0.122,1.3,0.04878048780487805,1.5193267673761943,2.59266489352674,0.122,1.3,0.04878048780487805,,,,,,,0.0,0.0,0.0,-2.43842831926958,-2.43842831926958,-,-2.43842831926958,-,P_putida2,P_putida2,-2.43842831926958,single,"-,-",Negative,-2.43842831926958
115,3644,62,0.0450107522250178,0.5568081779425472,0.2784040889712736,RP,y,,2.62071298419354,0.265,0.08449999999999999,,,2.62071298419354,0.265,0.08449999999999999,,,,,,,,,0.0,0.0,0.2784040889712736,0.2784040889712736,+,0.2784040889712736,+,F_banpakuense1,F_banpakuense1,0.2784040889712736,single,"+,+",Positive,0.2784040889712736
116,3664,65,0.0908966710744745,0.5333702376852975,0.2666851188426487,RP,y,,2.951907819812837,0.204,0.013000000000000001,,,2.951907819812837,0.204,0.013000000000000001,,,,,,,,,0.0,0.0,0.2666851188426487,0.2666851188426487,+,0.2666851188426487,+,L_macroides,L_macroides,0.2666851188426487,single,"+,+",Positive,0.2666851188426487
117,3685,87,0.0149027449597796,0.4176325287441668,0.2088162643720834,RP,y,1.6769728084410682,2.449820566817277,0.265,1.1,0.03305785123966942,1.6769728084410682,2.449820566817277,0.265,1.1,0.03305785123966942,,,,,,,0.0,0.0,0.0,0.2088162643720834,0.2088162643720834,+,0.2088162643720834,+,C_lactis3,C_lactis3,0.2088162643720834,single,"+,+",Positive,0.2088162643720834
118,3707,101,0.0307684410180386,-4.421318767117368,-2.210659383558684,RP,y,1.73764486133259,2.1385913564362315,0.122,1.206,0.05263157894736842,1.73764486133259,2.1385913564362315,0.122,1.206,0.05263157894736842,,,,,,,0.0,0.0,0.0,-2.210659383558684,-2.210659383558684,-,-2.210659383558684,-,P_corrugata,P_corrugata,-2.210659383558684,single,"-,-",Negative,-2.210659383558684
119,3730,60,0.0807757841828474,0.4389531569058245,0.2194765784529122,RP,y,2.145035456265304,2.7078557819768534,0.204,0.129,0.02702702702702703,2.145035456265304,2.7078557819768534,0.204,0.129,0.02702702702702703,,,,,,,0.0,0.0,0.0,0.2194765784529122,0.2194765784529122,+,0.2194765784529122,+,B_cereus,B_cereus,0.2194765784529122,single,"+,+",Positive,0.2194765784529122
120,3754,85,0.0164093269937824,0.1249999313041607,0.0624999656520803,RP,y,1.65300742864137,0.9250684195427472,0.265,1.3035,0.08163265306122448,1.65300742864137,0.9250684195427472,0.265,1.3035,0.08163265306122448,,,,,,,0.0,0.0,0.0,0.0624999656520803,0.0624999656520803,+,0.0624999656520803,+,F_banpakuense2,F_banpakuense2,0.0624999656520803,single,"+,+",Positive,0.0624999656520803
121,3779,150,0.019331712042526,-4.700274963273301,-2.3501374816366507,RP,y,1.404257844699362,1.7731447428447566,0.122,1.455,0.06896551724137931,1.404257844699362,1.7731447428447566,0.122,1.455,0.06896551724137931,,,,,,,0.0,0.0,0.0,-2.3501374816366507,-2.3501374816366507,-,-2.3501374816366507,-,P_monteilii2,P_monteilii2,-2.3501374816366507,single,"-,-",Negative,-2.3501374816366507
122,3805,58,0.0778177935149724,-5.261857016043067,-2.6309285080215337,RP,y,1.3673816949076465,1.8448519079142267,0.122,1.1575000000000002,0.05333333333333334,1.3673816949076465,1.8448519079142267,0.122,1.1575000000000002,0.05333333333333334,,,,,,,0.0,0.0,0.0,-2.6309285080215337,-2.6309285080215337,-,-2.6309285080215337,-,P_citronellolis,P_citronellolis,-2.6309285080215337,single,"-,-",Negative,-2.6309285080215337
123,3832,119,0.0194882812843908,0.2025128614244688,0.1012564307122344,RP,y,,2.8982055086894425,0.265,0.1045,0.021164021164021163,,2.8982055086894425,0.265,0.1045,0.021164021164021163,,,,,,,,0.0,0.0,0.1012564307122344,0.1012564307122344,+,0.1012564307122344,+,C_lactis4,C_lactis4,0.1012564307122344,single,"+,+",Positive,0.1012564307122344
124,3860,82,0.0206185763107417,0.3557983056546448,0.1778991528273224,RP,y,,2.918761685458589,0.265,0.5700000000000001,0.025974025974025976,,2.918761685458589,0.265,0.5700000000000001,0.025974025974025976,,,,,,,,0.0,0.0,0.1778991528273224,0.1778991528273224,+,0.1778991528273224,+,C_lactis5,C_lactis5,0.1778991528273224,single,"+,+",Positive,0.1778991528273224
125,3889,19,0.1623260819548462,-4.062054578627802,-2.031027289313901,RP,y,1.982361866539259,2.24632954834468,0.122,0.9444999999999999,0.028169014084507043,1.982361866539259,2.24632954834468,0.122,0.9444999999999999,0.028169014084507043,,,,,,,0.0,0.0,0.0,-2.031027289313901,-2.031027289313901,-,-2.031027289313901,-,P_viridiflava,P_viridiflava,-2.031027289313901,single,"-,-",Negative,-2.031027289313901
126,3950,62,0.1561485401278974,-3.056480249807588,-1.5282401249037938,RP,y,,2.764076325951597,0.17,0.0015,,,2.764076325951597,0.17,0.0015,,,,,,,,,0.0,0.0,-1.5282401249037938,-1.5282401249037938,-,-1.5282401249037938,-,V_guangxiensis,V_guangxiensis,-1.5282401249037938,single,"-,-",Negative,-1.5282401249037938
127,3982,75,0.0281844679573508,0.1990555160245568,0.0995277580122784,RP,y,1.740645269313698,2.095472985649063,0.265,0.362,0.028169014084507043,1.740645269313698,2.095472985649063,0.265,0.362,0.028169014084507043,,,,,,,0.0,0.0,0.0,0.0995277580122784,0.0995277580122784,+,0.0995277580122784,+,C_lactis6,C_lactis6,0.0995277580122784,single,"+,+",Positive,0.0995277580122784
128,4015,116,0.0302637574400255,0.0597387248331995,0.0298693624165997,RP,y,1.6314673974244258,1.87028707961389,0.265,0.132,0.027586206896551724,1.6314673974244258,1.87028707961389,0.265,0.132,0.027586206896551724,,,,,,,0.0,0.0,0.0,0.0298693624165997,0.0298693624165997,+,0.0298693624165997,+,F_ginsengiterrae,F_ginsengiterrae,0.0298693624165997,single,"+,+",Neutral,0.0298693624165997
129,4049,77,0.0519277519140402,0.8246369998452366,0.4123184999226183,RP,y,,2.828504268883841,0.265,0.092,,,2.828504268883841,0.265,0.092,,,,,,,,,0.0,0.0,0.4123184999226183,0.4123184999226183,+,0.4123184999226183,+,C_lactis7,C_lactis7,0.4123184999226183,single,"+,+",Positive,0.4123184999226183
130,4084,84,0.025860780133518,-4.779905728613205,-2.3899528643066024,RP,y,1.4194892786524211,2.3967020601345626,0.122,1.0910000000000002,0.056338028169014086,1.4194892786524211,2.3967020601345626,0.122,1.0910000000000002,0.056338028169014086,,,,,,,0.0,0.0,0.0,-2.3899528643066024,-2.3899528643066024,-,-2.3899528643066024,-,P_putida3,P_putida3,-2.3899528643066024,single,"-,-",Negative,-2.3899528643066024
131,4120,124,0.0717843705027674,-2.23273337885656,-1.11636668942828,RP,y,1.9625364364472544,1.5164546071797262,0.017,0.523,0.09302325581395349,1.9625364364472544,1.5164546071797262,0.017,0.523,0.09302325581395349,,,,,,,0.0,0.0,0.0,-1.11636668942828,-1.11636668942828,-,-1.11636668942828,-,E_aerogenes,E_aerogenes,-1.11636668942828,single,"-,-",Negative,-1.11636668942828
132,4157,202,0.029967132587844,-1.0421465253026472,-0.5210732626513236,RP,y,1.9810457921229383,1.2128791683746625,0.022,1.311,0.06896551724137931,1.9810457921229383,1.2128791683746625,0.022,1.311,0.06896551724137931,,,,,,,0.0,0.0,0.0,-0.5210732626513236,-0.5210732626513236,-,-0.5210732626513236,-,L_amnigena,L_amnigena,-0.5210732626513236,single,"-,-",Negative,-0.5210732626513236
133,4195,57,0.0221904638726879,0.221528591859314,0.110764295929657,RP,y,,1.725922863820562,0.204,0.39349999999999996,0.028169014084507043,,1.725922863820562,0.204,0.39349999999999996,0.028169014084507043,,,,,,,,0.0,0.0,0.110764295929657,0.110764295929657,+,0.110764295929657,+,M_kyungheense,M_kyungheense,0.110764295929657,single,"+,+",Positive,0.110764295929657
134,4234,183,0.0167382164454161,0.1854980246655702,0.0927490123327851,RP,y,,2.8218074820781784,0.265,0.22100000000000003,0.021164021164021163,,2.8218074820781784,0.265,0.22100000000000003,0.021164021164021163,,,,,,,,0.0,0.0,0.0927490123327851,0.0927490123327851,+,0.0927490123327851,+,C_lactis8,C_lactis8,0.0927490123327851,single,"+,+",Positive,0.0927490123327851
135,4274,75,0.0515209413126027,-3.3900221602867355,-1.6950110801433678,RP,y,1.7794347745188963,1.456820943106144,0.204,0.868,0.030303030303030304,1.7794347745188963,1.456820943106144,0.204,0.868,0.030303030303030304,,,,,,,0.0,0.0,0.0,-1.6950110801433678,-1.6950110801433678,-,-1.6950110801433678,-,B_safensis1,B_safensis1,-1.6950110801433678,single,"-,-",Negative,-1.6950110801433678
136,4315,132,0.0214033751119417,-5.0281331330946175,-2.5140665665473088,RP,y,1.5575563798061196,2.450474182562359,0.122,0.9584999999999999,0.06060606060606061,1.5575563798061196,2.450474182562359,0.122,0.9584999999999999,0.06060606060606061,,,,,,,0.0,0.0,0.0,-2.5140665665473088,-2.5140665665473088,-,-2.5140665665473088,-,P_koreensis2,P_koreensis2,-2.5140665665473088,single,"-,-",Negative,-2.5140665665473088
137,4400,91,0.0251222983470562,0.2403466986376437,0.1201733493188218,RP,y,,2.723046418544353,0.17,0.072,,,2.723046418544353,0.17,0.072,,,,,,,,,0.0,0.0,0.1201733493188218,0.1201733493188218,+,0.1201733493188218,+,C_odontotermitis,C_odontotermitis,0.1201733493188218,single,"+,+",Positive,0.1201733493188218
138,4444,90,0.0233215336149354,-4.069412977877108,-2.034706488938554,RP,y,,,,1.5455,0.0449438202247191,,,,1.5455,0.0449438202247191,,,,,,,,,,-2.034706488938554,-2.034706488938554,-,-2.034706488938554,-,P_brassicacearum,P_brassicacearum,-2.034706488938554,single,"-,-",Negative,-2.034706488938554
139,4489,69,0.0422673748937674,-4.904456011569035,-2.4522280057845176,RP,y,2.1016407260535583,1.2650297949716216,0.122,0.9415,0.03361344537815126,2.1016407260535583,1.2650297949716216,0.122,0.9415,0.03361344537815126,,,,,,,0.0,0.0,0.0,-2.4522280057845176,-2.4522280057845176,-,-2.4522280057845176,-,P_simiae,P_simiae,-2.4522280057845176,single,"-,-",Negative,-2.4522280057845176
140,4535,105,0.0473397384374032,-4.565415631835828,-2.282707815917914,RP,y,1.916520981857408,1.626695401263063,0.029,0.583,0.027586206896551724,1.916520981857408,1.626695401263063,0.029,0.583,0.027586206896551724,,,,,,,0.0,0.0,0.0,-2.282707815917914,-2.282707815917914,-,-2.282707815917914,-,P_agglomerans1,P_agglomerans1,-2.282707815917914,single,"-,-",Negative,-2.282707815917914
141,4582,117,0.036298089218941,-4.369124235345708,-2.184562117672854,RP,y,2.183174928479076,1.7218959995094774,0.029,0.43000000000000005,0.038461538461538464,2.183174928479076,1.7218959995094774,0.029,0.43000000000000005,0.038461538461538464,,,,,,,0.0,0.0,0.0,-2.184562117672854,-2.184562117672854,-,-2.184562117672854,-,P_agglomerans3,P_agglomerans3,-2.184562117672854,single,"-,-",Negative,-2.184562117672854
142,4630,165,0.0238433900162999,-4.294255871773825,-2.1471279358869126,RP,y,2.20516022977324,1.2651651744800891,0.029,0.586,0.05405405405405406,2.20516022977324,1.2651651744800891,0.029,0.586,0.05405405405405406,,,,,,,0.0,0.0,0.0,-2.1471279358869126,-2.1471279358869126,-,-2.1471279358869126,-,P_allii,P_allii,-2.1471279358869126,single,"-,-",Negative,-2.1471279358869126
143,4679,97,0.0203051278352699,-3.8447359684129063,-1.9223679842064532,RP,y,1.7780623041292145,2.3026337661918155,0.122,1.161,0.05970149253731343,1.7780623041292145,2.3026337661918155,0.122,1.161,0.05970149253731343,,,,,,,0.0,0.0,0.0,-1.9223679842064532,-1.9223679842064532,-,-1.9223679842064532,-,P_helmanticensis,P_helmanticensis,-1.9223679842064532,single,"-,-",Negative,-1.9223679842064532
144,4729,119,0.0278414207057182,-4.835636236249813,-2.4178181181249063,RP,y,1.6478994091922703,2.2902570193591463,0.122,0.8400000000000001,0.02702702702702703,1.6478994091922703,2.2902570193591463,0.122,0.8400000000000001,0.02702702702702703,,,,,,,0.0,0.0,0.0,-2.4178181181249063,-2.4178181181249063,-,-2.4178181181249063,-,P_koreensis1,P_koreensis1,-2.4178181181249063,single,"-,-",Negative,-2.4178181181249063
145,4780,145,0.036650868649446,-4.72400826646265,-2.362004133231325,RP,y,1.4201101342019542,2.0193278869880777,0.122,1.4205,0.09090909090909091,1.4201101342019542,2.0193278869880777,0.122,1.4205,0.09090909090909091,,,,,,,0.0,0.0,0.0,-2.362004133231325,-2.362004133231325,-,-2.362004133231325,-,P_plecoglossicida1,P_plecoglossicida1,-2.362004133231325,single,"-,-",Negative,-2.362004133231325
146,4832,112,0.0319566100915476,-4.669104317838714,-2.334552158919357,RP,y,1.830285453390376,2.443553735687278,0.122,1.117,0.07272727272727272,1.830285453390376,2.443553735687278,0.122,1.117,0.07272727272727272,,,,,,,0.0,0.0,0.0,-2.334552158919357,-2.334552158919357,-,-2.334552158919357,-,P_rhodesiae2,P_rhodesiae2,-2.334552158919357,single,"-,-",Negative,-2.334552158919357
147,4994,146,0.0204115259732202,-0.3899002879717171,-0.1949501439858585,RP,y,1.7145887435520513,1.6642792247116969,0.037,0.5860000000000001,0.06779661016949153,1.7145887435520513,1.6642792247116969,0.037,0.5860000000000001,0.06779661016949153,,,,,,,0.0,0.0,0.0,-0.1949501439858585,-0.1949501439858585,-,-0.1949501439858585,-,S_fonticola1,S_fonticola1,-0.1949501439858585,single,"-,-",Negative,-0.1949501439858585
148,5050,117,0.0258707178432203,-0.506306734466153,-0.2531533672330765,RP,y,1.977649020874621,1.5747748200933154,0.037,0.651,0.06666666666666667,1.977649020874621,1.5747748200933154,0.037,0.651,0.06666666666666667,,,,,,,0.0,0.0,0.0,-0.2531533672330765,-0.2531533672330765,-,-0.2531533672330765,-,S_fonticola2,S_fonticola2,-0.2531533672330765,single,"-,-",Negative,-0.2531533672330765
149,5107,39,0.0291196531796101,0.8556197058025318,0.4278098529012659,RP,y,,2.6518088675221234,0.265,0.095,,,2.6518088675221234,0.265,0.095,,,,,,,,,0.0,0.0,0.4278098529012659,0.4278098529012659,+,0.4278098529012659,+,C_lathyri2,C_lathyri2,0.4278098529012659,single,"+,+",Positive,0.4278098529012659
150,5165,70,0.0388092450859174,-4.038764992160603,-2.019382496080301,RP,y,1.4761595311397468,2.637400864294204,0.122,1.452,0.04081632653061224,1.4761595311397468,2.637400864294204,0.122,1.452,0.04081632653061224,,,,,,,0.0,0.0,0.0,-2.019382496080301,-2.019382496080301,-,-2.019382496080301,-,P_mosselii,P_mosselii,-2.019382496080301,single,"-,-",Negative,-2.019382496080301
151,5224,51,0.0350769313238292,-4.328577665821328,-2.164288832910664,RP,y,1.629285651641704,2.3887234691983927,0.122,1.1360000000000001,0.04,1.629285651641704,2.3887234691983927,0.122,1.1360000000000001,0.04,,,,,,,0.0,0.0,0.0,-2.164288832910664,-2.164288832910664,-,-2.164288832910664,-,P_koreensis3,P_koreensis3,-2.164288832910664,single,"-,-",Negative,-2.164288832910664
152,5230,172,0.0618707015350907,-2.280170639494907,-1.1400853197474534,BI,y,2.4702494018709533,0.784920238815844,0.006,0.5225,0.08888888888888889,2.4702494018709533,0.784920238815844,0.006,0.5225,0.08888888888888889,,,,,,,0.0,0.0,0.0,-1.1400853197474534,-1.1400853197474534,-,-1.1400853197474534,-,C_freundii2,C_freundii2,-1.1400853197474534,single,"-,-",Negative,-1.1400853197474534
153,5239,198,0.0605934913508012,0.5232819108085311,0.2616409554042656,BI,y,2.7147002761223726,1.7548066209589768,0.204,0.794,0.02962962962962963,2.7147002761223726,1.7548066209589768,0.204,0.794,0.02962962962962963,,,,,,,0.0,0.0,0.0,0.2616409554042656,0.2616409554042656,+,0.2616409554042656,+,B_subtilis,B_subtilis,0.2616409554042656,single,"+,+",Positive,0.2616409554042656
154,5245,128,0.0521705145766247,0.3907594637678244,0.1953797318839122,BI,y,,2.59613247012216,0.204,0.5885,0.027210884353741496,,2.59613247012216,0.204,0.5885,0.027210884353741496,,,,,,,,0.0,0.0,0.1953797318839122,0.1953797318839122,+,0.1953797318839122,+,B_proteolyticus1,B_proteolyticus1,0.1953797318839122,single,"+,+",Positive,0.1953797318839122
155,5252,157,0.0425039836901498,0.3172093882253723,0.1586046941126861,BI,y,,2.395502846985172,0.204,0.311,0.02531645569620253,,2.395502846985172,0.204,0.311,0.02531645569620253,,,,,,,,0.0,0.0,0.1586046941126861,0.1586046941126861,+,0.1586046941126861,+,B_proteolyticus2,B_proteolyticus2,0.1586046941126861,single,"+,+",Positive,0.1586046941126861
156,5279,32,0.0684752294841469,1.1984416833194975,0.5992208416597488,BI,y,2.0774506468243343,1.3281424721774455,0.028,1.3085,0.09090909090909091,2.0774506468243343,1.3281424721774455,0.028,1.3085,0.09090909090909091,,,,,,,0.0,0.0,0.0,0.5992208416597488,0.5992208416597488,+,0.5992208416597488,+,E_cloacae,E_cloacae,0.5992208416597488,single,"+,+",Positive,0.5992208416597488
157,5315,218,0.0462218688412588,1.3375458736510837,0.6687729368255417,BI,y,2.26696937006275,1.1382219645715912,0.204,0.405,0.0273972602739726,2.26696937006275,1.1382219645715912,0.204,0.405,0.0273972602739726,,,,,,,0.0,0.0,0.0,0.6687729368255417,0.6687729368255417,+,0.6687729368255417,+,B_cereus2,B_cereus2,0.6687729368255417,single,"+,+",Positive,0.6687729368255417
158,5329,82,0.0580895152491852,1.0463445189838112,0.5231722594919056,BI,y,,,,0.627,,,,,0.627,,,,,,,,,,,0.5231722594919056,0.5231722594919056,+,0.5231722594919056,+,Ecoli,Ecoli,0.5231722594919056,single,"+,+",Positive,0.5231722594919056
159,5360,148,0.0600145944854663,0.9311462173512436,0.4655731086756217,BI,y,,2.527653238263984,0.265,0.26,0.021164021164021163,,2.527653238263984,0.265,0.26,0.021164021164021163,,,,,,,,0.0,0.0,0.4655731086756217,0.4655731086756217,+,0.4655731086756217,+,C_lactis1,C_lactis1,0.4655731086756217,single,"+,+",Positive,0.4655731086756217
160,5434,44,0.09258021619288,1.302329110545038,0.6511645552725189,BI,y,,2.4929168761842373,0.204,0.013000000000000001,,,2.4929168761842373,0.204,0.013000000000000001,,,,,,,,,0.0,0.0,0.6511645552725189,0.6511645552725189,+,0.6511645552725189,+,L_macroides,L_macroides,0.6511645552725189,single,"+,+",Positive,0.6511645552725189
161,5499,64,0.1692106493728145,1.0630309081774805,0.5315154540887402,BI,y,2.827338174329029,2.278982776598192,0.204,0.129,0.02702702702702703,2.827338174329029,2.278982776598192,0.204,0.129,0.02702702702702703,,,,,,,0.0,0.0,0.0,0.5315154540887402,0.5315154540887402,+,0.5315154540887402,+,B_cereus,B_cereus,0.5315154540887402,single,"+,+",Positive,0.5315154540887402
162,5601,168,0.0445464095171757,0.5669662718610846,0.2834831359305423,BI,y,,2.548251751757449,0.265,0.1045,0.021164021164021163,,2.548251751757449,0.265,0.1045,0.021164021164021163,,,,,,,,0.0,0.0,0.2834831359305423,0.2834831359305423,+,0.2834831359305423,+,C_lactis4,C_lactis4,0.2834831359305423,single,"+,+",Positive,0.2834831359305423
163,5629,99,0.0466170245922324,0.3997923817880114,0.1998961908940057,BI,y,,2.754367680288281,0.265,0.5700000000000001,0.025974025974025976,,2.754367680288281,0.265,0.5700000000000001,0.025974025974025976,,,,,,,,0.0,0.0,0.1998961908940057,0.1998961908940057,+,0.1998961908940057,+,C_lactis5,C_lactis5,0.1998961908940057,single,"+,+",Positive,0.1998961908940057
164,5689,57,0.0838735117055279,0.5006110126479619,0.2503055063239809,BI,y,,2.18576920761254,0.17,0.0015,,,2.18576920761254,0.17,0.0015,,,,,,,,,0.0,0.0,0.2503055063239809,0.2503055063239809,+,0.2503055063239809,+,V_guangxiensis,V_guangxiensis,0.2503055063239809,single,"+,+",Positive,0.2503055063239809
165,5721,115,0.0616824866472346,0.2391769304081868,0.1195884652040934,BI,y,2.525723085410908,2.0026235528141174,0.265,0.362,0.028169014084507043,2.525723085410908,2.0026235528141174,0.265,0.362,0.028169014084507043,,,,,,,0.0,0.0,0.0,0.1195884652040934,0.1195884652040934,+,0.1195884652040934,+,C_lactis6,C_lactis6,0.1195884652040934,single,"+,+",Positive,0.1195884652040934
166,5753,115,0.0522479224547636,0.4091445911853975,0.2045722955926987,BI,y,2.4085059914051827,1.7601710918910725,0.265,0.132,0.027586206896551724,2.4085059914051827,1.7601710918910725,0.265,0.132,0.027586206896551724,,,,,,,0.0,0.0,0.0,0.2045722955926987,0.2045722955926987,+,0.2045722955926987,+,F_ginsengiterrae,F_ginsengiterrae,0.2045722955926987,single,"+,+",Positive,0.2045722955926987
167,5787,205,0.0404275510552537,0.5255668518155796,0.2627834259077898,BI,y,,2.345628749288518,0.265,0.092,,,2.345628749288518,0.265,0.092,,,,,,,,,0.0,0.0,0.2627834259077898,0.2627834259077898,+,0.2627834259077898,+,C_lactis7,C_lactis7,0.2627834259077898,single,"+,+",Positive,0.2627834259077898
168,5971,285,0.046705563148988,0.4085994287199693,0.2042997143599846,BI,y,,2.247926793913892,0.265,0.22100000000000003,0.021164021164021163,,2.247926793913892,0.265,0.22100000000000003,0.021164021164021163,,,,,,,,0.0,0.0,0.2042997143599846,0.2042997143599846,+,0.2042997143599846,+,C_lactis8,C_lactis8,0.2042997143599846,single,"+,+",Positive,0.2042997143599846
169,6052,167,0.0796417099120787,-2.445258684863202,-1.222629342431601,BI,y,2.201559123146672,2.0258386286840597,0.122,0.9584999999999999,0.06060606060606061,2.201559123146672,2.0258386286840597,0.122,0.9584999999999999,0.06060606060606061,,,,,,,0.0,0.0,0.0,-1.222629342431601,-1.222629342431601,-,-1.222629342431601,-,P_koreensis2,P_koreensis2,-1.222629342431601,single,"-,-",Negative,-1.222629342431601
170,6135,182,0.0445878792571683,0.6013044209889279,0.3006522104944639,BI,y,,2.2442306565904766,0.17,0.072,,,2.2442306565904766,0.17,0.072,,,,,,,,,0.0,0.0,0.3006522104944639,0.3006522104944639,+,0.3006522104944639,+,C_odontotermitis,C_odontotermitis,0.3006522104944639,single,"+,+",Positive,0.3006522104944639
171,6223,59,0.1104096623281529,-2.2248013243832285,-1.1124006621916145,BI,y,2.6688840566159584,1.6123354652071642,0.122,0.9415,0.03361344537815126,2.6688840566159584,1.6123354652071642,0.122,0.9415,0.03361344537815126,,,,,,,0.0,0.0,0.0,-1.1124006621916145,-1.1124006621916145,-,-1.1124006621916145,-,P_simiae,P_simiae,-1.1124006621916145,single,"-,-",Negative,-1.1124006621916145
172,6783,140,0.0476868617591825,0.8568000856387027,0.4284000428193513,BI,y,2.527913281554638,1.1798553176681992,0.037,0.651,0.06666666666666667,2.527913281554638,1.1798553176681992,0.037,0.651,0.06666666666666667,,,,,,,0.0,0.0,0.0,0.4284000428193513,0.4284000428193513,+,0.4284000428193513,+,S_fonticola2,S_fonticola2,0.4284000428193513,single,"+,+",Positive,0.4284000428193513
173,6987,165,0.0232516363282621,-1.563689955997581,-0.7818449779987905,CF,y,2.6628718808087184,0.5435323609752641,0.0,0.5225,0.08888888888888889,2.6628718808087184,0.5435323609752641,0.0,0.5225,0.08888888888888889,,,,,,,0.0,0.0,0.0,-0.7818449779987905,-0.7818449779987905,-,-0.7818449779987905,-,C_freundii2,C_freundii2,-0.7818449779987905,single,"-,-",Negative,-0.7818449779987905
174,6996,149,0.1013562168063541,1.4430376868534398,0.7215188434267199,CF,y,2.92997485083826,1.7382862604616622,0.204,0.794,0.02962962962962963,2.92997485083826,1.7382862604616622,0.204,0.794,0.02962962962962963,,,,,,,0.0,0.0,0.0,0.7215188434267199,0.7215188434267199,+,0.7215188434267199,+,B_subtilis,B_subtilis,0.7215188434267199,single,"+,+",Positive,0.7215188434267199
175,7002,174,0.0377257944571873,0.1460614479402571,0.0730307239701285,CF,y,,2.413382886120388,0.204,0.5885,0.027210884353741496,,2.413382886120388,0.204,0.5885,0.027210884353741496,,,,,,,,0.0,0.0,0.0730307239701285,0.0730307239701285,+,0.0730307239701285,+,B_proteolyticus1,B_proteolyticus1,0.0730307239701285,single,"+,+",Positive,0.0730307239701285
176,7009,173,0.0366433867631459,0.440274854664857,0.2201374273324285,CF,y,,2.275780725651272,0.204,0.311,0.02531645569620253,,2.275780725651272,0.204,0.311,0.02531645569620253,,,,,,,,0.0,0.0,0.2201374273324285,0.2201374273324285,+,0.2201374273324285,+,B_proteolyticus2,B_proteolyticus2,0.2201374273324285,single,"+,+",Positive,0.2201374273324285
177,7026,171,0.0308100078398918,1.0395341284050663,0.5197670642025332,CF,y,2.350453665134136,1.425402470692835,0.028,1.3085,0.09090909090909091,2.350453665134136,1.425402470692835,0.028,1.3085,0.09090909090909091,,,,,,,0.0,0.0,0.0,0.5197670642025332,0.5197670642025332,+,0.5197670642025332,+,E_cloacae,E_cloacae,0.5197670642025332,single,"+,+",Positive,0.5197670642025332
178,7059,185,0.032940935122471,0.2323278487862922,0.1161639243931461,CF,y,2.477250326600095,1.1290199059834027,0.204,0.405,0.0273972602739726,2.477250326600095,1.1290199059834027,0.204,0.405,0.0273972602739726,,,,,,,0.0,0.0,0.0,0.1161639243931461,0.1161639243931461,+,0.1161639243931461,+,B_cereus2,B_cereus2,0.1161639243931461,single,"+,+",Positive,0.1161639243931461
179,7101,62,0.036944582555355,0.1023148171165663,0.0511574085582831,CF,y,,2.3912971887017003,0.265,0.26,0.021164021164021163,,2.3912971887017003,0.265,0.26,0.021164021164021163,,,,,,,,0.0,0.0,0.0511574085582831,0.0511574085582831,+,0.0511574085582831,+,C_lactis1,C_lactis1,0.0511574085582831,single,"+,+",Positive,0.0511574085582831
180,7191,70,0.0578367185646659,0.2925550789245122,0.1462775394622561,CF,y,,2.2888370162796305,0.204,0.013000000000000001,,,2.2888370162796305,0.204,0.013000000000000001,,,,,,,,,0.0,0.0,0.1462775394622561,0.1462775394622561,+,0.1462775394622561,+,L_macroides,L_macroides,0.1462775394622561,single,"+,+",Positive,0.1462775394622561
181,7234,87,0.0359894968689663,0.1636966263359517,0.0818483131679758,CF,y,3.493383304329756,2.21037850189244,0.204,0.4565,0.028169014084507043,3.493383304329756,2.21037850189244,0.204,0.4565,0.028169014084507043,,,,,,,0.0,0.0,0.0,0.0818483131679758,0.0818483131679758,+,0.0818483131679758,+,B_albus,B_albus,0.0818483131679758,single,"+,+",Positive,0.0818483131679758
182,7257,27,0.0284714178648881,0.0531549281387458,0.0265774640693729,CF,y,2.755274643441925,2.317803563403417,0.204,0.129,0.02702702702702703,2.755274643441925,2.317803563403417,0.204,0.129,0.02702702702702703,,,,,,,0.0,0.0,0.0,0.0265774640693729,0.0265774640693729,+,0.0265774640693729,+,B_cereus,B_cereus,0.0265774640693729,single,"+,+",Neutral,0.0265774640693729
183,7359,152,0.0523173126178824,0.1887537675573638,0.0943768837786819,CF,y,,2.3124877775104977,0.265,0.1045,0.021164021164021163,,2.3124877775104977,0.265,0.1045,0.021164021164021163,,,,,,,,0.0,0.0,0.0943768837786819,0.0943768837786819,+,0.0943768837786819,+,C_lactis4,C_lactis4,0.0943768837786819,single,"+,+",Positive,0.0943768837786819
184,7387,187,0.0254034927442208,0.2333347621277925,0.1166673810638962,CF,y,,2.520337777396731,0.265,0.5700000000000001,0.025974025974025976,,2.520337777396731,0.265,0.5700000000000001,0.025974025974025976,,,,,,,,0.0,0.0,0.1166673810638962,0.1166673810638962,+,0.1166673810638962,+,C_lactis5,C_lactis5,0.1166673810638962,single,"+,+",Positive,0.1166673810638962
185,7509,123,0.0365430597578479,0.0264849997007469,0.0132424998503734,CF,y,2.5408370016044226,2.058108679207194,0.265,0.362,0.028169014084507043,2.5408370016044226,2.058108679207194,0.265,0.362,0.028169014084507043,,,,,,,0.0,0.0,0.0,0.0132424998503734,0.0132424998503734,+,0.0132424998503734,+,C_lactis6,C_lactis6,0.0132424998503734,single,"+,+",Neutral,0.0132424998503734
186,7542,174,0.0404330643539472,0.3218416306332465,0.1609208153166232,CF,y,2.4276623818962064,1.852761889571864,0.265,0.132,0.027586206896551724,2.4276623818962064,1.852761889571864,0.265,0.132,0.027586206896551724,,,,,,,0.0,0.0,0.0,0.1609208153166232,0.1609208153166232,+,0.1609208153166232,+,F_ginsengiterrae,F_ginsengiterrae,0.1609208153166232,single,"+,+",Positive,0.1609208153166232
187,7576,165,0.0364814781373579,0.3459528203798669,0.1729764101899334,CF,y,,2.2631284504205493,0.265,0.092,,,2.2631284504205493,0.265,0.092,,,,,,,,,0.0,0.0,0.1729764101899334,0.1729764101899334,+,0.1729764101899334,+,C_lactis7,C_lactis7,0.1729764101899334,single,"+,+",Positive,0.1729764101899334
188,7761,185,0.0281673433176743,-0.0637775169849051,-0.0318887584924525,CF,y,,2.106876623333416,0.265,0.22100000000000003,0.021164021164021163,,2.106876623333416,0.265,0.22100000000000003,0.021164021164021163,,,,,,,,0.0,0.0,-0.0318887584924525,-0.0318887584924525,-,-0.0318887584924525,-,C_lactis8,C_lactis8,-0.0318887584924525,single,"-,-",Negative,-0.0318887584924525
189,7927,216,0.0418928352574018,1.0164326591206634,0.5082163295603317,CF,y,,2.08616006463738,0.17,0.072,,,2.08616006463738,0.17,0.072,,,,,,,,,0.0,0.0,0.5082163295603317,0.5082163295603317,+,0.5082163295603317,+,C_odontotermitis,C_odontotermitis,0.5082163295603317,single,"+,+",Positive,0.5082163295603317
190,8577,188,0.0361528173509052,0.8388181758675588,0.4194090879337794,CF,y,2.4929244561270663,1.0174058945849789,0.037,0.651,0.06666666666666667,2.4929244561270663,1.0174058945849789,0.037,0.651,0.06666666666666667,,,,,,,0.0,0.0,0.0,0.4194090879337794,0.4194090879337794,+,0.4194090879337794,+,S_fonticola2,S_fonticola2,0.4194090879337794,single,"+,+",Positive,0.4194090879337794
191,8752,71,0.0687616044518143,-1.3272064130775445,-0.6636032065387723,PA,y,1.9061867694431205,1.6629365592228706,0.029,0.698,0.057971014492753624,1.9061867694431205,1.6629365592228706,0.029,0.698,0.057971014492753624,,,,,,,0.0,0.0,0.0,-0.6636032065387723,-0.6636032065387723,-,-0.6636032065387723,-,B_izardii2,B_izardii2,-0.6636032065387723,single,"-,-",Negative,-0.6636032065387723
192,8757,100,0.1402863723747236,-1.6285370131757544,-0.8142685065878772,PA,y,2.102051854736224,1.4222415406674072,0.029,0.5225,0.08888888888888889,2.102051854736224,1.4222415406674072,0.029,0.5225,0.08888888888888889,,,,,,,0.0,0.0,0.0,-0.8142685065878772,-0.8142685065878772,-,-0.8142685065878772,-,C_freundii2,C_freundii2,-0.8142685065878772,single,"-,-",Negative,-0.8142685065878772
193,8766,223,0.0452827773682282,-0.2229502034269031,-0.1114751017134515,PA,y,0.8949050228934912,1.7322779800020551,0.204,0.794,0.02962962962962963,0.8949050228934912,1.7322779800020551,0.204,0.794,0.02962962962962963,,,,,,,0.0,0.0,0.0,-0.1114751017134515,-0.1114751017134515,-,-0.1114751017134515,-,B_subtilis,B_subtilis,-0.1114751017134515,single,"-,-",Negative,-0.1114751017134515
194,8772,197,0.0491571370745508,0.1817406247794682,0.0908703123897341,PA,y,,2.41386329356076,0.204,0.5885,0.027210884353741496,,2.41386329356076,0.204,0.5885,0.027210884353741496,,,,,,,,0.0,0.0,0.0908703123897341,0.0908703123897341,+,0.0908703123897341,+,B_proteolyticus1,B_proteolyticus1,0.0908703123897341,single,"+,+",Positive,0.0908703123897341
195,8779,165,0.0534424445664008,0.0909282216242599,0.0454641108121299,PA,y,,2.2793009893386174,0.204,0.311,0.02531645569620253,,2.2793009893386174,0.204,0.311,0.02531645569620253,,,,,,,,0.0,0.0,0.0454641108121299,0.0454641108121299,+,0.0454641108121299,+,B_proteolyticus2,B_proteolyticus2,0.0454641108121299,single,"+,+",Neutral,0.0454641108121299
196,8787,205,0.0373406298187355,-0.341277415716001,-0.1706387078580005,PA,y,2.0743415822858107,1.633358503207425,0.204,0.829,0.03125,2.0743415822858107,1.633358503207425,0.204,0.829,0.03125,,,,,,,0.0,0.0,0.0,-0.1706387078580005,-0.1706387078580005,-,-0.1706387078580005,-,B_cereus1,B_cereus1,-0.1706387078580005,single,"-,-",Negative,-0.1706387078580005
197,8796,149,0.058150855126617,-0.9651102881539976,-0.4825551440769988,PA,y,1.4823940097018742,1.5230151016979443,0.029,1.3085,0.09090909090909091,1.4823940097018742,1.5230151016979443,0.029,1.3085,0.09090909090909091,,,,,,,0.0,0.0,0.0,-0.4825551440769988,-0.4825551440769988,-,-0.4825551440769988,-,E_cloacae,E_cloacae,-0.4825551440769988,single,"-,-",Negative,-0.4825551440769988
198,8817,110,0.0631350535141396,-0.81351780423056,-0.40675890211528,PA,y,1.49908505429145,1.5037752491645815,0.029,1.318,0.08695652173913043,1.49908505429145,1.5037752491645815,0.029,1.318,0.08695652173913043,,,,,,,0.0,0.0,0.0,-0.40675890211528,-0.40675890211528,-,-0.40675890211528,-,E_cloacae2,E_cloacae2,-0.40675890211528,single,"-,-",Negative,-0.40675890211528
199,8829,76,0.0577397556461623,0.1906127310141264,0.0953063655070632,PA,y,1.84799945887438,1.2935992424240206,0.204,0.405,0.0273972602739726,1.84799945887438,1.2935992424240206,0.204,0.405,0.0273972602739726,,,,,,,0.0,0.0,0.0,0.0953063655070632,0.0953063655070632,+,0.0953063655070632,+,B_cereus2,B_cereus2,0.0953063655070632,single,"+,+",Positive,0.0953063655070632
200,8842,60,0.0356678591897815,-0.2687838637524529,-0.1343919318762264,PA,y,,,,0.627,,,,,0.627,,,,,,,,,,,-0.1343919318762264,-0.1343919318762264,-,-0.1343919318762264,-,Ecoli,Ecoli,-0.1343919318762264,single,"-,-",Negative,-0.1343919318762264
201,8856,109,0.0704810813044263,-0.7868940334993589,-0.3934470167496794,PA,y,2.093277573567347,1.9792051434856368,0.122,1.4849999999999999,0.06557377049180328,2.093277573567347,1.9792051434856368,0.122,1.4849999999999999,0.06557377049180328,,,,,,,0.0,0.0,0.0,-0.3934470167496794,-0.3934470167496794,-,-0.3934470167496794,-,P_putida1,P_putida1,-0.3934470167496794,single,"-,-",Negative,-0.3934470167496794
202,8871,67,0.0376855934442739,-0.4207986231328151,-0.2103993115664075,PA,y,,2.5064014044043303,0.265,0.26,0.021164021164021163,,2.5064014044043303,0.265,0.26,0.021164021164021163,,,,,,,,0.0,0.0,-0.2103993115664075,-0.2103993115664075,-,-0.2103993115664075,-,C_lactis1,C_lactis1,-0.2103993115664075,single,"-,-",Negative,-0.2103993115664075
203,8904,102,0.051955911277047,-0.4497104818811551,-0.2248552409405775,PA,y,,2.0430061184440933,0.265,0.011,,,2.0430061184440933,0.265,0.011,,,,,,,,,0.0,0.0,-0.2248552409405775,-0.2248552409405775,-,-0.2248552409405775,-,C_lactis2,C_lactis2,-0.2248552409405775,single,"-,-",Negative,-0.2248552409405775
204,8922,119,0.0517167053370715,-0.8227496254212835,-0.4113748127106417,PA,y,2.0686517348263336,2.366471001301305,0.122,1.3,0.04878048780487805,2.0686517348263336,2.366471001301305,0.122,1.3,0.04878048780487805,,,,,,,0.0,0.0,0.0,-0.4113748127106417,-0.4113748127106417,-,-0.4113748127106417,-,P_putida2,P_putida2,-0.4113748127106417,single,"-,-",Negative,-0.4113748127106417
205,8941,87,0.0684953767202418,-0.4529688144690231,-0.2264844072345115,PA,y,,2.182034142720961,0.265,0.08449999999999999,,,2.182034142720961,0.265,0.08449999999999999,,,,,,,,,0.0,0.0,-0.2264844072345115,-0.2264844072345115,-,-0.2264844072345115,-,F_banpakuense1,F_banpakuense1,-0.2264844072345115,single,"-,-",Negative,-0.2264844072345115
206,8961,43,0.0632949135699164,-0.7922505185043043,-0.3961252592521521,PA,y,,2.478894309969669,0.204,0.013000000000000001,,,2.478894309969669,0.204,0.013000000000000001,,,,,,,,,0.0,0.0,-0.3961252592521521,-0.3961252592521521,-,-0.3961252592521521,-,L_macroides,L_macroides,-0.3961252592521521,single,"-,-",Negative,-0.3961252592521521
207,8982,139,0.036040428293866,-0.1741601008227115,-0.0870800504113557,PA,y,1.7476415536373586,1.9948892199819015,0.265,1.1,0.03305785123966942,1.7476415536373586,1.9948892199819015,0.265,1.1,0.03305785123966942,,,,,,,0.0,0.0,0.0,-0.0870800504113557,-0.0870800504113557,-,-0.0870800504113557,-,C_lactis3,C_lactis3,-0.0870800504113557,single,"-,-",Negative,-0.0870800504113557
208,9004,104,0.0687353091728825,-0.4885465783833116,-0.2442732891916558,PA,y,1.594136443344797,1.867199239502844,0.122,1.206,0.05263157894736842,1.594136443344797,1.867199239502844,0.122,1.206,0.05263157894736842,,,,,,,0.0,0.0,0.0,-0.2442732891916558,-0.2442732891916558,-,-0.2442732891916558,-,P_corrugata,P_corrugata,-0.2442732891916558,single,"-,-",Negative,-0.2442732891916558
209,9027,121,0.0523191781237895,-0.5086681771394739,-0.2543340885697369,PA,y,3.0055150972836584,2.0584061795476614,0.204,0.4565,0.028169014084507043,3.0055150972836584,2.0584061795476614,0.204,0.4565,0.028169014084507043,,,,,,,0.0,0.0,0.0,-0.2543340885697369,-0.2543340885697369,-,-0.2543340885697369,-,B_albus,B_albus,-0.2543340885697369,single,"-,-",Negative,-0.2543340885697369
210,9051,54,0.0724523549415454,-0.3870943378462392,-0.1935471689231196,PA,y,2.6159648315678865,2.4843562546462614,0.204,0.129,0.02702702702702703,2.6159648315678865,2.4843562546462614,0.204,0.129,0.02702702702702703,,,,,,,0.0,0.0,0.0,-0.1935471689231196,-0.1935471689231196,-,-0.1935471689231196,-,B_cereus,B_cereus,-0.1935471689231196,single,"-,-",Negative,-0.1935471689231196
211,9076,81,0.0409370515366138,-0.5932040046843536,-0.2966020023421768,PA,y,1.195205840012506,1.5426499927073545,0.265,1.3035,0.08163265306122448,1.195205840012506,1.5426499927073545,0.265,1.3035,0.08163265306122448,,,,,,,0.0,0.0,0.0,-0.2966020023421768,-0.2966020023421768,-,-0.2966020023421768,-,F_banpakuense2,F_banpakuense2,-0.2966020023421768,single,"-,-",Negative,-0.2966020023421768
212,9102,230,0.0491596884924793,-0.5236987423834244,-0.2618493711917122,PA,y,2.095680319132668,1.8879266405239377,0.122,1.455,0.06896551724137931,2.095680319132668,1.8879266405239377,0.122,1.455,0.06896551724137931,,,,,,,0.0,0.0,0.0,-0.2618493711917122,-0.2618493711917122,-,-0.2618493711917122,-,P_monteilii2,P_monteilii2,-0.2618493711917122,single,"-,-",Negative,-0.2618493711917122
213,9129,155,0.0446604567037689,-1.6737365100742163,-0.8368682550371082,PA,y,1.639610014607132,1.4087036593975328,0.122,1.1575000000000002,0.05333333333333334,1.639610014607132,1.4087036593975328,0.122,1.1575000000000002,0.05333333333333334,,,,,,,0.0,0.0,0.0,-0.8368682550371082,-0.8368682550371082,-,-0.8368682550371082,-,P_citronellolis,P_citronellolis,-0.8368682550371082,single,"-,-",Negative,-0.8368682550371082
214,9157,109,0.0371640990103999,-0.4952081004488124,-0.2476040502244062,PA,y,,2.3362514847507323,0.265,0.1045,0.021164021164021163,,2.3362514847507323,0.265,0.1045,0.021164021164021163,,,,,,,,0.0,0.0,-0.2476040502244062,-0.2476040502244062,-,-0.2476040502244062,-,C_lactis4,C_lactis4,-0.2476040502244062,single,"-,-",Negative,-0.2476040502244062
215,9186,156,0.0371086477198127,-0.5523610294636973,-0.2761805147318486,PA,y,,2.3139976231621326,0.265,0.5700000000000001,0.025974025974025976,,2.3139976231621326,0.265,0.5700000000000001,0.025974025974025976,,,,,,,,0.0,0.0,-0.2761805147318486,-0.2761805147318486,-,-0.2761805147318486,-,C_lactis5,C_lactis5,-0.2761805147318486,single,"-,-",Negative,-0.2761805147318486
216,9216,54,0.0794831109984897,1.3501369198188025,0.6750684599094012,PA,y,1.8154572426802011,1.8510877883017864,0.122,0.9444999999999999,0.028169014084507043,1.8154572426802011,1.8510877883017864,0.122,0.9444999999999999,0.028169014084507043,,,,,,,0.0,0.0,0.0,0.6750684599094012,0.6750684599094012,+,0.6750684599094012,+,P_viridiflava,P_viridiflava,0.6750684599094012,single,"+,+",Positive,0.6750684599094012
217,9279,35,0.1220475757504992,0.1103691048028775,0.0551845524014387,PA,y,,2.289456704111261,0.17,0.0015,,,2.289456704111261,0.17,0.0015,,,,,,,,,0.0,0.0,0.0551845524014387,0.0551845524014387,+,0.0551845524014387,+,V_guangxiensis,V_guangxiensis,0.0551845524014387,single,"+,+",Neutral,0.0551845524014387
218,9312,125,0.037191620724789,-0.6174608491216522,-0.3087304245608261,PA,y,1.6517045740688616,1.8384702880384003,0.265,0.362,0.028169014084507043,1.6517045740688616,1.8384702880384003,0.265,0.362,0.028169014084507043,,,,,,,0.0,0.0,0.0,-0.3087304245608261,-0.3087304245608261,-,-0.3087304245608261,-,C_lactis6,C_lactis6,-0.3087304245608261,single,"-,-",Negative,-0.3087304245608261
219,9346,120,0.0367233338514876,-0.4079147871550809,-0.2039573935775404,PA,y,1.6402146201031131,1.7316180294741677,0.265,0.132,0.027586206896551724,1.6402146201031131,1.7316180294741677,0.265,0.132,0.027586206896551724,,,,,,,0.0,0.0,0.0,-0.2039573935775404,-0.2039573935775404,-,-0.2039573935775404,-,F_ginsengiterrae,F_ginsengiterrae,-0.2039573935775404,single,"-,-",Negative,-0.2039573935775404
220,9381,163,0.0919561704252215,-0.5396510050850661,-0.269825502542533,PA,y,,2.375142943066796,0.265,0.092,,,2.375142943066796,0.265,0.092,,,,,,,,,0.0,0.0,-0.269825502542533,-0.269825502542533,-,-0.269825502542533,-,C_lactis7,C_lactis7,-0.269825502542533,single,"-,-",Negative,-0.269825502542533
221,9417,82,0.0446407295776896,-0.590072949445622,-0.295036474722811,PA,y,2.1162480950966027,2.2678891066363893,0.122,1.0910000000000002,0.056338028169014086,2.1162480950966027,2.2678891066363893,0.122,1.0910000000000002,0.056338028169014086,,,,,,,0.0,0.0,0.0,-0.295036474722811,-0.295036474722811,-,-0.295036474722811,-,P_putida3,P_putida3,-0.295036474722811,single,"-,-",Negative,-0.295036474722811
222,9454,238,0.0437146902879674,-1.3018440966066285,-0.6509220483033141,PA,y,1.3188180314205595,1.9452511405985604,0.029,0.523,0.09302325581395349,1.3188180314205595,1.9452511405985604,0.029,0.523,0.09302325581395349,,,,,,,0.0,0.0,0.0,-0.6509220483033141,-0.6509220483033141,-,-0.6509220483033141,-,E_aerogenes,E_aerogenes,-0.6509220483033141,single,"-,-",Negative,-0.6509220483033141
223,9492,173,0.0386212023897761,-1.103829893247363,-0.5519149466236815,PA,y,1.54678311343252,1.3366588944079938,0.029,1.311,0.06896551724137931,1.54678311343252,1.3366588944079938,0.029,1.311,0.06896551724137931,,,,,,,0.0,0.0,0.0,-0.5519149466236815,-0.5519149466236815,-,-0.5519149466236815,-,L_amnigena,L_amnigena,-0.5519149466236815,single,"-,-",Negative,-0.5519149466236815
224,9531,65,0.0581687943766168,-0.8280355149102747,-0.4140177574551373,PA,y,,1.573865305545554,0.204,0.39349999999999996,0.028169014084507043,,1.573865305545554,0.204,0.39349999999999996,0.028169014084507043,,,,,,,,0.0,0.0,-0.4140177574551373,-0.4140177574551373,-,-0.4140177574551373,-,M_kyungheense,M_kyungheense,-0.4140177574551373,single,"-,-",Negative,-0.4140177574551373
225,9571,235,0.046602343946397,-0.3293647486968524,-0.1646823743484262,PA,y,,2.157489513300123,0.265,0.22100000000000003,0.021164021164021163,,2.157489513300123,0.265,0.22100000000000003,0.021164021164021163,,,,,,,,0.0,0.0,-0.1646823743484262,-0.1646823743484262,-,-0.1646823743484262,-,C_lactis8,C_lactis8,-0.1646823743484262,single,"-,-",Negative,-0.1646823743484262
226,9612,100,0.0310165531855197,-0.9737057902720628,-0.4868528951360314,PA,y,1.1105291531517758,1.1948510367405638,0.204,0.868,0.030303030303030304,1.1105291531517758,1.1948510367405638,0.204,0.868,0.030303030303030304,,,,,,,0.0,0.0,0.0,-0.4868528951360314,-0.4868528951360314,-,-0.4868528951360314,-,B_safensis1,B_safensis1,-0.4868528951360314,single,"-,-",Negative,-0.4868528951360314
227,9654,165,0.0344055417716088,-1.0220691264116804,-0.5110345632058402,PA,y,2.301606178302448,1.943682844499071,0.122,0.9584999999999999,0.06060606060606061,2.301606178302448,1.943682844499071,0.122,0.9584999999999999,0.06060606060606061,,,,,,,0.0,0.0,0.0,-0.5110345632058402,-0.5110345632058402,-,-0.5110345632058402,-,P_koreensis2,P_koreensis2,-0.5110345632058402,single,"-,-",Negative,-0.5110345632058402
228,9741,270,0.0403637284510272,-0.4000948001890251,-0.2000474000945125,PA,y,,2.266589508490675,0.17,0.072,,,2.266589508490675,0.17,0.072,,,,,,,,,0.0,0.0,-0.2000474000945125,-0.2000474000945125,-,-0.2000474000945125,-,C_odontotermitis,C_odontotermitis,-0.2000474000945125,single,"-,-",Negative,-0.2000474000945125
229,9786,186,0.0480596269113011,-0.3645880518107995,-0.1822940259053997,PA,y,,,,1.5455,0.0449438202247191,,,,1.5455,0.0449438202247191,,,,,,,,,,-0.1822940259053997,-0.1822940259053997,-,-0.1822940259053997,-,P_brassicacearum,P_brassicacearum,-0.1822940259053997,single,"-,-",Negative,-0.1822940259053997
230,9832,47,0.0877898972412125,-1.2103907183767062,-0.6051953591883531,PA,y,3.3669071861279454,1.809546351989912,0.122,0.9415,0.03361344537815126,3.3669071861279454,1.809546351989912,0.122,0.9415,0.03361344537815126,,,,,,,0.0,0.0,0.0,-0.6051953591883531,-0.6051953591883531,-,-0.6051953591883531,-,P_simiae,P_simiae,-0.6051953591883531,single,"-,-",Negative,-0.6051953591883531
231,9879,155,0.033433303013908,0.3434556065210709,0.1717278032605354,PA,y,0.0,0.0,0.0,0.583,0.027586206896551724,0.0,0.0,0.0,0.583,0.027586206896551724,,,,,,,0.0,0.0,0.0,0.1717278032605354,0.1717278032605354,+,0.1717278032605354,+,P_agglomerans1,P_agglomerans1,0.1717278032605354,single,"+,+",Positive,0.1717278032605354
232,9927,195,0.0329738546041854,-0.272132650752582,-0.136066325376291,PA,y,0.6213292203011218,0.4914936418713877,0.014,0.43000000000000005,0.038461538461538464,0.6213292203011218,0.4914936418713877,0.014,0.43000000000000005,0.038461538461538464,,,,,,,0.0,0.0,0.0,-0.136066325376291,-0.136066325376291,-,-0.136066325376291,-,P_agglomerans3,P_agglomerans3,-0.136066325376291,single,"-,-",Negative,-0.136066325376291
233,9976,256,0.0412848555131508,-0.296346369627726,-0.148173184813863,PA,y,1.0842868624123414,1.3105838393632054,0.025,0.586,0.05405405405405406,1.0842868624123414,1.3105838393632054,0.025,0.586,0.05405405405405406,,,,,,,0.0,0.0,0.0,-0.148173184813863,-0.148173184813863,-,-0.148173184813863,-,P_allii,P_allii,-0.148173184813863,single,"-,-",Negative,-0.148173184813863
234,10026,250,0.0278059252349933,-0.2096523991556777,-0.1048261995778388,PA,y,2.113019403602342,1.9916643793571245,0.122,1.161,0.05970149253731343,2.113019403602342,1.9916643793571245,0.122,1.161,0.05970149253731343,,,,,,,0.0,0.0,0.0,-0.1048261995778388,-0.1048261995778388,-,-0.1048261995778388,-,P_helmanticensis,P_helmanticensis,-0.1048261995778388,single,"-,-",Negative,-0.1048261995778388
235,10077,129,0.0537921863120032,-0.7993281638289378,-0.3996640819144689,PA,y,1.530680567590769,1.5231194962969912,0.122,0.8400000000000001,0.02702702702702703,1.530680567590769,1.5231194962969912,0.122,0.8400000000000001,0.02702702702702703,,,,,,,0.0,0.0,0.0,-0.3996640819144689,-0.3996640819144689,-,-0.3996640819144689,-,P_koreensis1,P_koreensis1,-0.3996640819144689,single,"-,-",Negative,-0.3996640819144689
236,10129,175,0.0426317785348418,-0.4443404868663175,-0.2221702434331587,PA,y,2.183197196773576,1.9633519806697928,0.122,1.4205,0.09090909090909091,2.183197196773576,1.9633519806697928,0.122,1.4205,0.09090909090909091,,,,,,,0.0,0.0,0.0,-0.2221702434331587,-0.2221702434331587,-,-0.2221702434331587,-,P_plecoglossicida1,P_plecoglossicida1,-0.2221702434331587,single,"-,-",Negative,-0.2221702434331587
237,10182,164,0.040602404909291,-0.7383714996895941,-0.3691857498447971,PA,y,2.0510358358644054,2.1335777464156305,0.122,1.117,0.07272727272727272,2.0510358358644054,2.1335777464156305,0.122,1.117,0.07272727272727272,,,,,,,0.0,0.0,0.0,-0.3691857498447971,-0.3691857498447971,-,-0.3691857498447971,-,P_rhodesiae2,P_rhodesiae2,-0.3691857498447971,single,"-,-",Negative,-0.3691857498447971
238,10347,214,0.0388669908363259,-0.1931410548673204,-0.0965705274336602,PA,y,1.9472146774303032,1.7532743652948333,0.037,0.5860000000000001,0.06779661016949153,1.9472146774303032,1.7532743652948333,0.037,0.5860000000000001,0.06779661016949153,,,,,,,0.0,0.0,0.0,-0.0965705274336602,-0.0965705274336602,-,-0.0965705274336602,-,S_fonticola1,S_fonticola1,-0.0965705274336602,single,"-,-",Negative,-0.0965705274336602
239,10404,192,0.0407876198362527,-0.2666088710260308,-0.1333044355130154,PA,y,1.9735751822517429,1.6459188922908687,0.037,0.651,0.06666666666666667,1.9735751822517429,1.6459188922908687,0.037,0.651,0.06666666666666667,,,,,,,0.0,0.0,0.0,-0.1333044355130154,-0.1333044355130154,-,-0.1333044355130154,-,S_fonticola2,S_fonticola2,-0.1333044355130154,single,"-,-",Negative,-0.1333044355130154
240,10462,87,0.0620331882062092,-0.4293541438995012,-0.2146770719497506,PA,y,,2.138394023560672,0.265,0.095,,,2.138394023560672,0.265,0.095,,,,,,,,,0.0,0.0,-0.2146770719497506,-0.2146770719497506,-,-0.2146770719497506,-,C_lathyri2,C_lathyri2,-0.2146770719497506,single,"-,-",Negative,-0.2146770719497506
241,10521,66,0.0268167944282684,-0.418098654315274,-0.209049327157637,PA,y,2.3445074109501127,2.239883702338137,0.122,1.452,0.04081632653061224,2.3445074109501127,2.239883702338137,0.122,1.452,0.04081632653061224,,,,,,,0.0,0.0,0.0,-0.209049327157637,-0.209049327157637,-,-0.209049327157637,-,P_mosselii,P_mosselii,-0.209049327157637,single,"-,-",Negative,-0.209049327157637
242,10581,91,0.0329075177918429,-0.6126150589298827,-0.3063075294649413,PA,y,2.10985639321732,1.927404472340977,0.122,1.1360000000000001,0.04,2.10985639321732,1.927404472340977,0.122,1.1360000000000001,0.04,,,,,,,0.0,0.0,0.0,-0.3063075294649413,-0.3063075294649413,-,-0.3063075294649413,-,P_koreensis3,P_koreensis3,-0.3063075294649413,single,"-,-",Negative,-0.3063075294649413
